sample_id,sr_method,sr_filename,sr_path,gt_path,lr_path,gaussian_0,gaussian_1,gaussian_2,gaussian_3,gaussian_4
PASD:1024x768___4962875195,PASD,1024x768___4962875195.png,/home/oleg/coding/py/QualiSR-Lab/dataset/sr/PASD/1024x768___4962875195.png,/home/oleg/coding/py/QualiSR-Lab/dataset/hr/1024x768___4962875195.png,/home/oleg/coding/py/QualiSR-Lab/dataset/lr/1024x768___4962875195.png,0.4967141530112327,-0.13826430117118466,0.6476885381006925,1.5230298564080254,-0.23415337472333597
PASD:ava_images___101816,PASD,ava_images___101816.png,/home/oleg/coding/py/QualiSR-Lab/dataset/sr/PASD/ava_images___101816.png,/home/oleg/coding/py/QualiSR-Lab/dataset/hr/ava_images___101816.png,/home/oleg/coding/py/QualiSR-Lab/dataset/lr/ava_images___101816.png,-0.23413695694918055,1.5792128155073915,0.7674347291529088,-0.4694743859349521,0.5425600435859647
PASD:ava_images___158174,PASD,ava_images___158174.png,/home/oleg/coding/py/QualiSR-Lab/dataset/sr/PASD/ava_images___158174.png,/home/oleg/coding/py/QualiSR-Lab/dataset/hr/ava_images___158174.png,/home/oleg/coding/py/QualiSR-Lab/dataset/lr/ava_images___158174.png,-0.46341769281246226,-0.46572975357025687,0.24196227156603412,-1.913280244657798,-1.7249178325130328
PASD:ava_images___18037,PASD,ava_images___18037.png,/home/oleg/coding/py/QualiSR-Lab/dataset/sr/PASD/ava_images___18037.png,/home/oleg/coding/py/QualiSR-Lab/dataset/hr/ava_images___18037.png,/home/oleg/coding/py/QualiSR-Lab/dataset/lr/ava_images___18037.png,-0.5622875292409727,-1.0128311203344238,0.3142473325952739,-0.9080240755212109,-1.4123037013352915
PASD:ava_images___217590,PASD,ava_images___217590.png,/home/oleg/coding/py/QualiSR-Lab/dataset/sr/PASD/ava_images___217590.png,/home/oleg/coding/py/QualiSR-Lab/dataset/hr/ava_images___217590.png,/home/oleg/coding/py/QualiSR-Lab/dataset/lr/ava_images___217590.png,1.465648768921554,-0.22577630048653566,0.06752820468792384,-1.4247481862134568,-0.5443827245251827
PASD:ava_images___251530,PASD,ava_images___251530.png,/home/oleg/coding/py/QualiSR-Lab/dataset/sr/PASD/ava_images___251530.png,/home/oleg/coding/py/QualiSR-Lab/dataset/hr/ava_images___251530.png,/home/oleg/coding/py/QualiSR-Lab/dataset/lr/ava_images___251530.png,0.11092258970986608,-1.1509935774223028,0.37569801834567196,-0.600638689918805,-0.2916937497932768
PASD:ava_images___253900,PASD,ava_images___253900.png,/home/oleg/coding/py/QualiSR-Lab/dataset/sr/PASD/ava_images___253900.png,/home/oleg/coding/py/QualiSR-Lab/dataset/hr/ava_images___253900.png,/home/oleg/coding/py/QualiSR-Lab/dataset/lr/ava_images___253900.png,-0.6017066122293969,1.8522781845089378,-0.013497224737933921,-1.0577109289559004,0.822544912103189
PASD:ava_images___273810,PASD,ava_images___273810.png,/home/oleg/coding/py/QualiSR-Lab/dataset/sr/PASD/ava_images___273810.png,/home/oleg/coding/py/QualiSR-Lab/dataset/hr/ava_images___273810.png,/home/oleg/coding/py/QualiSR-Lab/dataset/lr/ava_images___273810.png,-1.2208436499710222,0.2088635950047554,-1.9596701238797756,-1.3281860488984305,0.19686123586912352
PASD:ava_images___295451,PASD,ava_images___295451.png,/home/oleg/coding/py/QualiSR-Lab/dataset/sr/PASD/ava_images___295451.png,/home/oleg/coding/py/QualiSR-Lab/dataset/hr/ava_images___295451.png,/home/oleg/coding/py/QualiSR-Lab/dataset/lr/ava_images___295451.png,0.7384665799954104,0.1713682811899705,-0.11564828238824053,-0.3011036955892888,-1.4785219903674274
PASD:ava_images___308473,PASD,ava_images___308473.png,/home/oleg/coding/py/QualiSR-Lab/dataset/sr/PASD/ava_images___308473.png,/home/oleg/coding/py/QualiSR-Lab/dataset/hr/ava_images___308473.png,/home/oleg/coding/py/QualiSR-Lab/dataset/lr/ava_images___308473.png,-0.7198442083947086,-0.4606387709597875,1.0571222262189157,0.3436182895684614,-1.763040155362734
PASD:ava_images___321917,PASD,ava_images___321917.png,/home/oleg/coding/py/QualiSR-Lab/dataset/sr/PASD/ava_images___321917.png,/home/oleg/coding/py/QualiSR-Lab/dataset/hr/ava_images___321917.png,/home/oleg/coding/py/QualiSR-Lab/dataset/lr/ava_images___321917.png,0.324083969394795,-0.38508228041631654,-0.6769220003059587,0.6116762888408679,1.030999522495951
PASD:ava_images___360165,PASD,ava_images___360165.png,/home/oleg/coding/py/QualiSR-Lab/dataset/sr/PASD/ava_images___360165.png,/home/oleg/coding/py/QualiSR-Lab/dataset/hr/ava_images___360165.png,/home/oleg/coding/py/QualiSR-Lab/dataset/lr/ava_images___360165.png,0.9312801191161986,-0.8392175232226385,-0.3092123758512146,0.33126343140356396,0.9755451271223592
PASD:ava_images___426629,PASD,ava_images___426629.png,/home/oleg/coding/py/QualiSR-Lab/dataset/sr/PASD/ava_images___426629.png,/home/oleg/coding/py/QualiSR-Lab/dataset/hr/ava_images___426629.png,/home/oleg/coding/py/QualiSR-Lab/dataset/lr/ava_images___426629.png,-0.47917423784528995,-0.18565897666381712,-1.1063349740060282,-1.1962066240806708,0.812525822394198
PASD:ava_images___436880,PASD,ava_images___436880.png,/home/oleg/coding/py/QualiSR-Lab/dataset/sr/PASD/ava_images___436880.png,/home/oleg/coding/py/QualiSR-Lab/dataset/hr/ava_images___436880.png,/home/oleg/coding/py/QualiSR-Lab/dataset/lr/ava_images___436880.png,1.356240028570823,-0.07201012158033385,1.0035328978920242,0.36163602504763415,-0.6451197546051243
PASD:ava_images___46021,PASD,ava_images___46021.png,/home/oleg/coding/py/QualiSR-Lab/dataset/sr/PASD/ava_images___46021.png,/home/oleg/coding/py/QualiSR-Lab/dataset/hr/ava_images___46021.png,/home/oleg/coding/py/QualiSR-Lab/dataset/lr/ava_images___46021.png,0.36139560550841393,1.5380365664659692,-0.03582603910995154,1.5646436558140062,-2.6197451040897444
PASD:ava_images___472713,PASD,ava_images___472713.png,/home/oleg/coding/py/QualiSR-Lab/dataset/sr/PASD/ava_images___472713.png,/home/oleg/coding/py/QualiSR-Lab/dataset/hr/ava_images___472713.png,/home/oleg/coding/py/QualiSR-Lab/dataset/lr/ava_images___472713.png,0.8219025043752238,0.08704706823817122,-0.29900735046586746,0.0917607765355023,-1.9875689146008928
PASD:ava_images___501777,PASD,ava_images___501777.png,/home/oleg/coding/py/QualiSR-Lab/dataset/sr/PASD/ava_images___501777.png,/home/oleg/coding/py/QualiSR-Lab/dataset/hr/ava_images___501777.png,/home/oleg/coding/py/QualiSR-Lab/dataset/lr/ava_images___501777.png,-0.21967188783751193,0.3571125715117464,1.477894044741516,-0.5182702182736474,-0.8084936028931876
PASD:ava_images___564572,PASD,ava_images___564572.png,/home/oleg/coding/py/QualiSR-Lab/dataset/sr/PASD/ava_images___564572.png,/home/oleg/coding/py/QualiSR-Lab/dataset/hr/ava_images___564572.png,/home/oleg/coding/py/QualiSR-Lab/dataset/lr/ava_images___564572.png,-0.5017570435845365,0.9154021177020741,0.32875110965968446,-0.5297602037670388,0.5132674331133561
PASD:ava_images___588008,PASD,ava_images___588008.png,/home/oleg/coding/py/QualiSR-Lab/dataset/sr/PASD/ava_images___588008.png,/home/oleg/coding/py/QualiSR-Lab/dataset/hr/ava_images___588008.png,/home/oleg/coding/py/QualiSR-Lab/dataset/lr/ava_images___588008.png,0.09707754934804039,0.9686449905328892,-0.7020530938773524,-0.3276621465977682,-0.39210815313215763
PASD:ava_images___645845,PASD,ava_images___645845.png,/home/oleg/coding/py/QualiSR-Lab/dataset/sr/PASD/ava_images___645845.png,/home/oleg/coding/py/QualiSR-Lab/dataset/hr/ava_images___645845.png,/home/oleg/coding/py/QualiSR-Lab/dataset/lr/ava_images___645845.png,-1.4635149481321186,0.29612027706457605,0.26105527217988933,0.00511345664246089,-0.23458713337514692
PASD:ava_images___699615,PASD,ava_images___699615.png,/home/oleg/coding/py/QualiSR-Lab/dataset/sr/PASD/ava_images___699615.png,/home/oleg/coding/py/QualiSR-Lab/dataset/hr/ava_images___699615.png,/home/oleg/coding/py/QualiSR-Lab/dataset/lr/ava_images___699615.png,-1.4153707420504142,-0.42064532276535904,-0.3427145165267695,-0.8022772692216189,-0.16128571166600914
PASD:ava_images___710191,PASD,ava_images___710191.png,/home/oleg/coding/py/QualiSR-Lab/dataset/sr/PASD/ava_images___710191.png,/home/oleg/coding/py/QualiSR-Lab/dataset/hr/ava_images___710191.png,/home/oleg/coding/py/QualiSR-Lab/dataset/lr/ava_images___710191.png,0.4040508568145384,1.8861859012105302,0.17457781283183896,0.25755039072276437,-0.07444591576616721
PASD:ava_images___737450,PASD,ava_images___737450.png,/home/oleg/coding/py/QualiSR-Lab/dataset/sr/PASD/ava_images___737450.png,/home/oleg/coding/py/QualiSR-Lab/dataset/hr/ava_images___737450.png,/home/oleg/coding/py/QualiSR-Lab/dataset/lr/ava_images___737450.png,-1.9187712152990415,-0.026513875449216878,0.06023020994102644,2.463242112485286,-0.19236096478112252
PASD:ava_images___74410,PASD,ava_images___74410.png,/home/oleg/coding/py/QualiSR-Lab/dataset/sr/PASD/ava_images___74410.png,/home/oleg/coding/py/QualiSR-Lab/dataset/hr/ava_images___74410.png,/home/oleg/coding/py/QualiSR-Lab/dataset/lr/ava_images___74410.png,0.30154734233361247,-0.03471176970524331,-1.168678037619532,1.1428228145150205,0.7519330326867741
PASD:ava_images___751927,PASD,ava_images___751927.png,/home/oleg/coding/py/QualiSR-Lab/dataset/sr/PASD/ava_images___751927.png,/home/oleg/coding/py/QualiSR-Lab/dataset/hr/ava_images___751927.png,/home/oleg/coding/py/QualiSR-Lab/dataset/lr/ava_images___751927.png,0.7910319470430469,-0.9093874547947389,1.4027943109360992,-1.4018510627922809,0.5868570938002703
PASD:ava_images___773899,PASD,ava_images___773899.png,/home/oleg/coding/py/QualiSR-Lab/dataset/sr/PASD/ava_images___773899.png,/home/oleg/coding/py/QualiSR-Lab/dataset/hr/ava_images___773899.png,/home/oleg/coding/py/QualiSR-Lab/dataset/lr/ava_images___773899.png,2.1904556258099785,-0.9905363251306883,-0.5662977296027719,0.09965136508764122,-0.5034756541161992
PASD:ava_images___827653,PASD,ava_images___827653.png,/home/oleg/coding/py/QualiSR-Lab/dataset/sr/PASD/ava_images___827653.png,/home/oleg/coding/py/QualiSR-Lab/dataset/hr/ava_images___827653.png,/home/oleg/coding/py/QualiSR-Lab/dataset/lr/ava_images___827653.png,-1.5506634310661327,0.06856297480602733,-1.0623037137261049,0.4735924306351816,-0.9194242342338032
PASD:ava_images___842206,PASD,ava_images___842206.png,/home/oleg/coding/py/QualiSR-Lab/dataset/sr/PASD/ava_images___842206.png,/home/oleg/coding/py/QualiSR-Lab/dataset/hr/ava_images___842206.png,/home/oleg/coding/py/QualiSR-Lab/dataset/lr/ava_images___842206.png,1.5499344050175394,-0.7832532923362371,-0.3220615162056756,0.8135172173696698,-1.2308643164339552
PASD:ava_images___846773,PASD,ava_images___846773.png,/home/oleg/coding/py/QualiSR-Lab/dataset/sr/PASD/ava_images___846773.png,/home/oleg/coding/py/QualiSR-Lab/dataset/hr/ava_images___846773.png,/home/oleg/coding/py/QualiSR-Lab/dataset/lr/ava_images___846773.png,0.22745993460412942,1.307142754282428,-1.6074832345612275,0.1846338585323042,0.25988279424842353
PASD:ava_images___857447,PASD,ava_images___857447.png,/home/oleg/coding/py/QualiSR-Lab/dataset/sr/PASD/ava_images___857447.png,/home/oleg/coding/py/QualiSR-Lab/dataset/hr/ava_images___857447.png,/home/oleg/coding/py/QualiSR-Lab/dataset/lr/ava_images___857447.png,0.7818228717773104,-1.236950710878082,-1.3204566130842763,0.5219415656168976,0.29698467323318606
PASD:ava_images___864250,PASD,ava_images___864250.png,/home/oleg/coding/py/QualiSR-Lab/dataset/sr/PASD/ava_images___864250.png,/home/oleg/coding/py/QualiSR-Lab/dataset/hr/ava_images___864250.png,/home/oleg/coding/py/QualiSR-Lab/dataset/lr/ava_images___864250.png,0.25049285034587654,0.3464482094969757,-0.6800247215784908,0.23225369716100355,0.29307247329868125
PASD:ava_images___865616,PASD,ava_images___865616.png,/home/oleg/coding/py/QualiSR-Lab/dataset/sr/PASD/ava_images___865616.png,/home/oleg/coding/py/QualiSR-Lab/dataset/hr/ava_images___865616.png,/home/oleg/coding/py/QualiSR-Lab/dataset/lr/ava_images___865616.png,-0.7143514180263678,1.8657745111447566,0.4738329209117875,-1.1913034972026486,0.6565536086338297
PASD:ava_images___953752,PASD,ava_images___953752.png,/home/oleg/coding/py/QualiSR-Lab/dataset/sr/PASD/ava_images___953752.png,/home/oleg/coding/py/QualiSR-Lab/dataset/hr/ava_images___953752.png,/home/oleg/coding/py/QualiSR-Lab/dataset/lr/ava_images___953752.png,-0.9746816702273214,0.787084603742452,1.158595579007404,-0.8206823183517105,0.9633761292443218
PASD:blur_dataset___out_of_focus0685,PASD,blur_dataset___out_of_focus0685.png,/home/oleg/coding/py/QualiSR-Lab/dataset/sr/PASD/blur_dataset___out_of_focus0685.png,/home/oleg/coding/py/QualiSR-Lab/dataset/hr/blur_dataset___out_of_focus0685.png,/home/oleg/coding/py/QualiSR-Lab/dataset/lr/blur_dataset___out_of_focus0685.png,0.4127809269364983,0.82206015999449,1.8967929826539474,-0.2453881160028705,-0.7537361643574896
PASD:voc_emotic_ava___EMOTIC__COCO_train2014_000000244530,PASD,voc_emotic_ava___EMOTIC__COCO_train2014_000000244530.png,/home/oleg/coding/py/QualiSR-Lab/dataset/sr/PASD/voc_emotic_ava___EMOTIC__COCO_train2014_000000244530.png,/home/oleg/coding/py/QualiSR-Lab/dataset/hr/voc_emotic_ava___EMOTIC__COCO_train2014_000000244530.png,/home/oleg/coding/py/QualiSR-Lab/dataset/lr/voc_emotic_ava___EMOTIC__COCO_train2014_000000244530.png,-0.8895144296255233,-0.8158102849654383,-0.0771017094141042,0.3411519748166439,0.27669079933001905
PASD:voc_emotic_ava___EMOTIC__COCO_train2014_000000247190,PASD,voc_emotic_ava___EMOTIC__COCO_train2014_000000247190.png,/home/oleg/coding/py/QualiSR-Lab/dataset/sr/PASD/voc_emotic_ava___EMOTIC__COCO_train2014_000000247190.png,/home/oleg/coding/py/QualiSR-Lab/dataset/hr/voc_emotic_ava___EMOTIC__COCO_train2014_000000247190.png,/home/oleg/coding/py/QualiSR-Lab/dataset/lr/voc_emotic_ava___EMOTIC__COCO_train2014_000000247190.png,0.8271832490360238,0.01300189187790702,1.4535340771573169,-0.2646568332379561,2.720169166589619
PASD:voc_emotic_ava___EMOTIC__COCO_val2014_000000020598,PASD,voc_emotic_ava___EMOTIC__COCO_val2014_000000020598.png,/home/oleg/coding/py/QualiSR-Lab/dataset/sr/PASD/voc_emotic_ava___EMOTIC__COCO_val2014_000000020598.png,/home/oleg/coding/py/QualiSR-Lab/dataset/hr/voc_emotic_ava___EMOTIC__COCO_val2014_000000020598.png,/home/oleg/coding/py/QualiSR-Lab/dataset/lr/voc_emotic_ava___EMOTIC__COCO_val2014_000000020598.png,0.6256673477650062,-0.8571575564162826,-1.0708924980611123,0.4824724152431853,-0.2234627853258509
PASD:voc_emotic_ava___JPEGImages__2008_003883,PASD,voc_emotic_ava___JPEGImages__2008_003883.png,/home/oleg/coding/py/QualiSR-Lab/dataset/sr/PASD/voc_emotic_ava___JPEGImages__2008_003883.png,/home/oleg/coding/py/QualiSR-Lab/dataset/hr/voc_emotic_ava___JPEGImages__2008_003883.png,/home/oleg/coding/py/QualiSR-Lab/dataset/lr/voc_emotic_ava___JPEGImages__2008_003883.png,0.714000494092092,0.47323762457354485,-0.07282891265687277,-0.846793718068405,-1.5148472246858646
PASD:voc_emotic_ava___VOC2012__2010_004399,PASD,voc_emotic_ava___VOC2012__2010_004399.png,/home/oleg/coding/py/QualiSR-Lab/dataset/sr/PASD/voc_emotic_ava___VOC2012__2010_004399.png,/home/oleg/coding/py/QualiSR-Lab/dataset/hr/voc_emotic_ava___VOC2012__2010_004399.png,/home/oleg/coding/py/QualiSR-Lab/dataset/lr/voc_emotic_ava___VOC2012__2010_004399.png,-0.4465149520670211,0.8563987943234723,0.21409374413020396,-1.245738778711988,0.173180925851182
PASD:voc_emotic_ava___VOC2012__2012_004043,PASD,voc_emotic_ava___VOC2012__2012_004043.png,/home/oleg/coding/py/QualiSR-Lab/dataset/sr/PASD/voc_emotic_ava___VOC2012__2012_004043.png,/home/oleg/coding/py/QualiSR-Lab/dataset/hr/voc_emotic_ava___VOC2012__2012_004043.png,/home/oleg/coding/py/QualiSR-Lab/dataset/lr/voc_emotic_ava___VOC2012__2012_004043.png,0.3853173797288368,-0.883857436201133,0.1537251059455279,0.058208718445999896,-1.142970297830623
SUPIR:1024x768___4962875195,SUPIR,1024x768___4962875195.png,/home/oleg/coding/py/QualiSR-Lab/dataset/sr/SUPIR/1024x768___4962875195.png,/home/oleg/coding/py/QualiSR-Lab/dataset/hr/1024x768___4962875195.png,/home/oleg/coding/py/QualiSR-Lab/dataset/lr/1024x768___4962875195.png,0.3577873603482833,0.5607845263682344,1.083051243175277,1.053802052034903,-1.377669367957091
SUPIR:ava_images___101816,SUPIR,ava_images___101816.png,/home/oleg/coding/py/QualiSR-Lab/dataset/sr/SUPIR/ava_images___101816.png,/home/oleg/coding/py/QualiSR-Lab/dataset/hr/ava_images___101816.png,/home/oleg/coding/py/QualiSR-Lab/dataset/lr/ava_images___101816.png,-0.9378250399151228,0.5150352672086598,0.5137859509122088,0.5150476863060479,3.852731490654721
SUPIR:ava_images___158174,SUPIR,ava_images___158174.png,/home/oleg/coding/py/QualiSR-Lab/dataset/sr/SUPIR/ava_images___158174.png,/home/oleg/coding/py/QualiSR-Lab/dataset/hr/ava_images___158174.png,/home/oleg/coding/py/QualiSR-Lab/dataset/lr/ava_images___158174.png,0.570890510693167,1.135565640180599,0.9540017634932023,0.651391251305798,-0.3152692446403456
SUPIR:ava_images___18037,SUPIR,ava_images___18037.png,/home/oleg/coding/py/QualiSR-Lab/dataset/sr/SUPIR/ava_images___18037.png,/home/oleg/coding/py/QualiSR-Lab/dataset/hr/ava_images___18037.png,/home/oleg/coding/py/QualiSR-Lab/dataset/lr/ava_images___18037.png,0.7589692204932674,-0.7728252145375718,-0.23681860674000887,-0.48536354782910346,0.08187413938632256
SUPIR:ava_images___217590,SUPIR,ava_images___217590.png,/home/oleg/coding/py/QualiSR-Lab/dataset/sr/SUPIR/ava_images___217590.png,/home/oleg/coding/py/QualiSR-Lab/dataset/hr/ava_images___217590.png,/home/oleg/coding/py/QualiSR-Lab/dataset/lr/ava_images___217590.png,2.3146585666735087,-1.867265192591748,0.6862601903745135,-1.6127158711896517,-0.47193186578943347
SUPIR:ava_images___251530,SUPIR,ava_images___251530.png,/home/oleg/coding/py/QualiSR-Lab/dataset/sr/SUPIR/ava_images___251530.png,/home/oleg/coding/py/QualiSR-Lab/dataset/hr/ava_images___251530.png,/home/oleg/coding/py/QualiSR-Lab/dataset/lr/ava_images___251530.png,1.088950596967366,0.06428001909546277,-1.0777447779293061,-0.7153037092599682,0.6795977489346758
SUPIR:ava_images___253900,SUPIR,ava_images___253900.png,/home/oleg/coding/py/QualiSR-Lab/dataset/sr/SUPIR/ava_images___253900.png,/home/oleg/coding/py/QualiSR-Lab/dataset/hr/ava_images___253900.png,/home/oleg/coding/py/QualiSR-Lab/dataset/lr/ava_images___253900.png,-0.7303666317171367,0.21645858958197486,0.045571839903813784,-0.6516003476058171,2.1439440893253257
SUPIR:ava_images___273810,SUPIR,ava_images___273810.png,/home/oleg/coding/py/QualiSR-Lab/dataset/sr/SUPIR/ava_images___273810.png,/home/oleg/coding/py/QualiSR-Lab/dataset/hr/ava_images___273810.png,/home/oleg/coding/py/QualiSR-Lab/dataset/lr/ava_images___273810.png,0.6339190223180112,-2.025142586657607,0.18645431476942764,-0.661786464768388,0.852433334796224
SUPIR:ava_images___295451,SUPIR,ava_images___295451.png,/home/oleg/coding/py/QualiSR-Lab/dataset/sr/SUPIR/ava_images___295451.png,/home/oleg/coding/py/QualiSR-Lab/dataset/hr/ava_images___295451.png,/home/oleg/coding/py/QualiSR-Lab/dataset/lr/ava_images___295451.png,-0.7925207384327007,-0.11473644146689901,0.5049872789804571,0.8657551941701215,-1.2002964070557762
SUPIR:ava_images___308473,SUPIR,ava_images___308473.png,/home/oleg/coding/py/QualiSR-Lab/dataset/sr/SUPIR/ava_images___308473.png,/home/oleg/coding/py/QualiSR-Lab/dataset/hr/ava_images___308473.png,/home/oleg/coding/py/QualiSR-Lab/dataset/lr/ava_images___308473.png,-0.3345012358409484,-0.4749453111609562,-0.6533292325737119,1.7654542402810969,0.40498171096095553
SUPIR:ava_images___321917,SUPIR,ava_images___321917.png,/home/oleg/coding/py/QualiSR-Lab/dataset/sr/SUPIR/ava_images___321917.png,/home/oleg/coding/py/QualiSR-Lab/dataset/hr/ava_images___321917.png,/home/oleg/coding/py/QualiSR-Lab/dataset/lr/ava_images___321917.png,-1.2608839543350452,0.9178619470547761,2.1221561970126332,1.0324652605511468,-1.5193699659540134
SUPIR:ava_images___360165,SUPIR,ava_images___360165.png,/home/oleg/coding/py/QualiSR-Lab/dataset/sr/SUPIR/ava_images___360165.png,/home/oleg/coding/py/QualiSR-Lab/dataset/hr/ava_images___360165.png,/home/oleg/coding/py/QualiSR-Lab/dataset/lr/ava_images___360165.png,-0.48423407286625136,1.2669111491866227,-0.7076694656187807,0.44381942814622843,0.7746340534293368
SUPIR:ava_images___426629,SUPIR,ava_images___426629.png,/home/oleg/coding/py/QualiSR-Lab/dataset/sr/SUPIR/ava_images___426629.png,/home/oleg/coding/py/QualiSR-Lab/dataset/hr/ava_images___426629.png,/home/oleg/coding/py/QualiSR-Lab/dataset/lr/ava_images___426629.png,-0.926930471578083,-0.05952535606180008,-3.2412673400690726,-1.0243876413342898,-0.2525681513931603
SUPIR:ava_images___436880,SUPIR,ava_images___436880.png,/home/oleg/coding/py/QualiSR-Lab/dataset/sr/SUPIR/ava_images___436880.png,/home/oleg/coding/py/QualiSR-Lab/dataset/hr/ava_images___436880.png,/home/oleg/coding/py/QualiSR-Lab/dataset/lr/ava_images___436880.png,-1.2477831819648495,1.6324113039316352,-1.4301413779606327,-0.44004448669698376,0.13074057728609134
SUPIR:ava_images___46021,SUPIR,ava_images___46021.png,/home/oleg/coding/py/QualiSR-Lab/dataset/sr/SUPIR/ava_images___46021.png,/home/oleg/coding/py/QualiSR-Lab/dataset/hr/ava_images___46021.png,/home/oleg/coding/py/QualiSR-Lab/dataset/lr/ava_images___46021.png,1.4412732890661155,-1.4358621511794394,1.1631637521549596,0.010233061019587049,-0.9815086510479509
SUPIR:ava_images___472713,SUPIR,ava_images___472713.png,/home/oleg/coding/py/QualiSR-Lab/dataset/sr/SUPIR/ava_images___472713.png,/home/oleg/coding/py/QualiSR-Lab/dataset/hr/ava_images___472713.png,/home/oleg/coding/py/QualiSR-Lab/dataset/lr/ava_images___472713.png,0.46210347426327075,0.19905969557347003,-0.6002168771587947,0.06980208499001891,-0.3853135968617602
SUPIR:ava_images___501777,SUPIR,ava_images___501777.png,/home/oleg/coding/py/QualiSR-Lab/dataset/sr/SUPIR/ava_images___501777.png,/home/oleg/coding/py/QualiSR-Lab/dataset/hr/ava_images___501777.png,/home/oleg/coding/py/QualiSR-Lab/dataset/lr/ava_images___501777.png,0.11351734525124804,0.6621306745210467,1.586016816145352,-1.237815498826849,2.1330333746562666
SUPIR:ava_images___564572,SUPIR,ava_images___564572.png,/home/oleg/coding/py/QualiSR-Lab/dataset/sr/SUPIR/ava_images___564572.png,/home/oleg/coding/py/QualiSR-Lab/dataset/hr/ava_images___564572.png,/home/oleg/coding/py/QualiSR-Lab/dataset/lr/ava_images___564572.png,-1.9520877995225019,-0.15178509503558332,0.5883172064845765,0.28099186773503265,-0.6226995198205938
SUPIR:ava_images___588008,SUPIR,ava_images___588008.png,/home/oleg/coding/py/QualiSR-Lab/dataset/sr/SUPIR/ava_images___588008.png,/home/oleg/coding/py/QualiSR-Lab/dataset/hr/ava_images___588008.png,/home/oleg/coding/py/QualiSR-Lab/dataset/lr/ava_images___588008.png,-0.20812225035727522,-0.4930009346588328,-0.5893647569442115,0.8496020970210246,0.35701548596504734
SUPIR:ava_images___645845,SUPIR,ava_images___645845.png,/home/oleg/coding/py/QualiSR-Lab/dataset/sr/SUPIR/ava_images___645845.png,/home/oleg/coding/py/QualiSR-Lab/dataset/hr/ava_images___645845.png,/home/oleg/coding/py/QualiSR-Lab/dataset/lr/ava_images___645845.png,-0.6929095952606542,0.8995998754332507,0.30729952087660933,0.8128621188389601,0.6296288419236122
SUPIR:ava_images___699615,SUPIR,ava_images___699615.png,/home/oleg/coding/py/QualiSR-Lab/dataset/sr/SUPIR/ava_images___699615.png,/home/oleg/coding/py/QualiSR-Lab/dataset/hr/ava_images___699615.png,/home/oleg/coding/py/QualiSR-Lab/dataset/lr/ava_images___699615.png,-0.8289950109220723,-0.5601810401969696,0.7472936051232618,0.6103702654334648,-0.020901593964148132
SUPIR:ava_images___710191,SUPIR,ava_images___710191.png,/home/oleg/coding/py/QualiSR-Lab/dataset/sr/SUPIR/ava_images___710191.png,/home/oleg/coding/py/QualiSR-Lab/dataset/hr/ava_images___710191.png,/home/oleg/coding/py/QualiSR-Lab/dataset/lr/ava_images___710191.png,0.117327383308782,1.277664895788425,-0.5915713888358299,0.5470973811700379,-0.20219265243389406
SUPIR:ava_images___737450,SUPIR,ava_images___737450.png,/home/oleg/coding/py/QualiSR-Lab/dataset/sr/SUPIR/ava_images___737450.png,/home/oleg/coding/py/QualiSR-Lab/dataset/hr/ava_images___737450.png,/home/oleg/coding/py/QualiSR-Lab/dataset/lr/ava_images___737450.png,-0.2176812032272203,1.09877685198719,0.8254163489880298,0.8135096360006385,1.305478807154329
SUPIR:ava_images___74410,SUPIR,ava_images___74410.png,/home/oleg/coding/py/QualiSR-Lab/dataset/sr/SUPIR/ava_images___74410.png,/home/oleg/coding/py/QualiSR-Lab/dataset/hr/ava_images___74410.png,/home/oleg/coding/py/QualiSR-Lab/dataset/lr/ava_images___74410.png,0.02100384163275905,0.6819529712949639,-0.31026675659345604,0.3241663524884421,-0.13014305436768459
SUPIR:ava_images___751927,SUPIR,ava_images___751927.png,/home/oleg/coding/py/QualiSR-Lab/dataset/sr/SUPIR/ava_images___751927.png,/home/oleg/coding/py/QualiSR-Lab/dataset/hr/ava_images___751927.png,/home/oleg/coding/py/QualiSR-Lab/dataset/lr/ava_images___751927.png,0.09699596499271819,0.5951570254369136,-0.8182206832334725,2.0923872756854602,-1.006017381499702
SUPIR:ava_images___773899,SUPIR,ava_images___773899.png,/home/oleg/coding/py/QualiSR-Lab/dataset/sr/SUPIR/ava_images___773899.png,/home/oleg/coding/py/QualiSR-Lab/dataset/hr/ava_images___773899.png,/home/oleg/coding/py/QualiSR-Lab/dataset/lr/ava_images___773899.png,-1.2141886127877322,1.1581108735000678,0.7916626939629359,0.6241198170521551,0.6283455092642799
SUPIR:ava_images___827653,SUPIR,ava_images___827653.png,/home/oleg/coding/py/QualiSR-Lab/dataset/sr/SUPIR/ava_images___827653.png,/home/oleg/coding/py/QualiSR-Lab/dataset/hr/ava_images___827653.png,/home/oleg/coding/py/QualiSR-Lab/dataset/lr/ava_images___827653.png,-0.012246772846914623,-0.8972543714858315,0.07580455819372633,-0.6771617115121117,0.9751197334177512
SUPIR:ava_images___842206,SUPIR,ava_images___842206.png,/home/oleg/coding/py/QualiSR-Lab/dataset/sr/SUPIR/ava_images___842206.png,/home/oleg/coding/py/QualiSR-Lab/dataset/hr/ava_images___842206.png,/home/oleg/coding/py/QualiSR-Lab/dataset/lr/ava_images___842206.png,-0.14705738150213865,-0.8254971967925115,-0.32138584165299344,0.41293145427562433,-0.5637245528039747
SUPIR:ava_images___846773,SUPIR,ava_images___846773.png,/home/oleg/coding/py/QualiSR-Lab/dataset/sr/SUPIR/ava_images___846773.png,/home/oleg/coding/py/QualiSR-Lab/dataset/hr/ava_images___846773.png,/home/oleg/coding/py/QualiSR-Lab/dataset/lr/ava_images___846773.png,-0.8222203955664315,0.2436872114919123,0.24496657110872277,-0.5069431753711298,-0.4710383056183228
SUPIR:ava_images___857447,SUPIR,ava_images___857447.png,/home/oleg/coding/py/QualiSR-Lab/dataset/sr/SUPIR/ava_images___857447.png,/home/oleg/coding/py/QualiSR-Lab/dataset/hr/ava_images___857447.png,/home/oleg/coding/py/QualiSR-Lab/dataset/lr/ava_images___857447.png,0.2320499373576363,-1.4480843414973241,-1.4074637743765552,-0.718444221252436,-0.21344715171184725
SUPIR:ava_images___864250,SUPIR,ava_images___864250.png,/home/oleg/coding/py/QualiSR-Lab/dataset/sr/SUPIR/ava_images___864250.png,/home/oleg/coding/py/QualiSR-Lab/dataset/hr/ava_images___864250.png,/home/oleg/coding/py/QualiSR-Lab/dataset/lr/ava_images___864250.png,0.3109075655980046,1.475356216949552,0.8576596232020194,-0.1599385299634271,-0.01901620790268883
SUPIR:ava_images___865616,SUPIR,ava_images___865616.png,/home/oleg/coding/py/QualiSR-Lab/dataset/sr/SUPIR/ava_images___865616.png,/home/oleg/coding/py/QualiSR-Lab/dataset/hr/ava_images___865616.png,/home/oleg/coding/py/QualiSR-Lab/dataset/lr/ava_images___865616.png,-1.0025293646378088,-0.01851313599238993,-0.2886586389201383,0.3227185603380895,-0.827230943552323
SUPIR:ava_images___953752,SUPIR,ava_images___953752.png,/home/oleg/coding/py/QualiSR-Lab/dataset/sr/SUPIR/ava_images___953752.png,/home/oleg/coding/py/QualiSR-Lab/dataset/hr/ava_images___953752.png,/home/oleg/coding/py/QualiSR-Lab/dataset/lr/ava_images___953752.png,0.5193465142411723,1.5327389130025777,-0.1087601484568576,0.40171172209894146,0.6901439917111125
SUPIR:blur_dataset___out_of_focus0685,SUPIR,blur_dataset___out_of_focus0685.png,/home/oleg/coding/py/QualiSR-Lab/dataset/sr/SUPIR/blur_dataset___out_of_focus0685.png,/home/oleg/coding/py/QualiSR-Lab/dataset/hr/blur_dataset___out_of_focus0685.png,/home/oleg/coding/py/QualiSR-Lab/dataset/lr/blur_dataset___out_of_focus0685.png,-0.40122047188583626,0.22409248181041677,0.01259240078179486,0.09767609854883172,-0.7730097838554665
SUPIR:voc_emotic_ava___EMOTIC__COCO_train2014_000000244530,SUPIR,voc_emotic_ava___EMOTIC__COCO_train2014_000000244530.png,/home/oleg/coding/py/QualiSR-Lab/dataset/sr/SUPIR/voc_emotic_ava___EMOTIC__COCO_train2014_000000244530.png,/home/oleg/coding/py/QualiSR-Lab/dataset/hr/voc_emotic_ava___EMOTIC__COCO_train2014_000000244530.png,/home/oleg/coding/py/QualiSR-Lab/dataset/lr/voc_emotic_ava___EMOTIC__COCO_train2014_000000244530.png,0.024510174258942714,0.49799829124544975,1.4511436077950417,0.9592708260852069,2.1531824575115563
SUPIR:voc_emotic_ava___EMOTIC__COCO_train2014_000000247190,SUPIR,voc_emotic_ava___EMOTIC__COCO_train2014_000000247190.png,/home/oleg/coding/py/QualiSR-Lab/dataset/sr/SUPIR/voc_emotic_ava___EMOTIC__COCO_train2014_000000247190.png,/home/oleg/coding/py/QualiSR-Lab/dataset/hr/voc_emotic_ava___EMOTIC__COCO_train2014_000000247190.png,/home/oleg/coding/py/QualiSR-Lab/dataset/lr/voc_emotic_ava___EMOTIC__COCO_train2014_000000247190.png,-0.7673475628880495,0.8723206367206782,0.18334200573835174,2.1898029332176723,-0.8082982853551515
SUPIR:voc_emotic_ava___EMOTIC__COCO_val2014_000000020598,SUPIR,voc_emotic_ava___EMOTIC__COCO_val2014_000000020598.png,/home/oleg/coding/py/QualiSR-Lab/dataset/sr/SUPIR/voc_emotic_ava___EMOTIC__COCO_val2014_000000020598.png,/home/oleg/coding/py/QualiSR-Lab/dataset/hr/voc_emotic_ava___EMOTIC__COCO_val2014_000000020598.png,/home/oleg/coding/py/QualiSR-Lab/dataset/lr/voc_emotic_ava___EMOTIC__COCO_val2014_000000020598.png,-0.8397218421807761,-0.5993926454440222,-2.123895724309807,-0.525755021680761,-0.759132661553698
SUPIR:voc_emotic_ava___JPEGImages__2008_003883,SUPIR,voc_emotic_ava___JPEGImages__2008_003883.png,/home/oleg/coding/py/QualiSR-Lab/dataset/sr/SUPIR/voc_emotic_ava___JPEGImages__2008_003883.png,/home/oleg/coding/py/QualiSR-Lab/dataset/hr/voc_emotic_ava___JPEGImages__2008_003883.png,/home/oleg/coding/py/QualiSR-Lab/dataset/lr/voc_emotic_ava___JPEGImages__2008_003883.png,0.15039378647620763,0.34175597577715944,1.8761708392158862,0.9504238381860503,-0.5769036556624031
SUPIR:voc_emotic_ava___VOC2012__2010_004399,SUPIR,voc_emotic_ava___VOC2012__2010_004399.png,/home/oleg/coding/py/QualiSR-Lab/dataset/sr/SUPIR/voc_emotic_ava___VOC2012__2010_004399.png,/home/oleg/coding/py/QualiSR-Lab/dataset/hr/voc_emotic_ava___VOC2012__2010_004399.png,/home/oleg/coding/py/QualiSR-Lab/dataset/lr/voc_emotic_ava___VOC2012__2010_004399.png,-0.898414671348358,0.4919191715065057,-1.3202332070206422,1.8314587658543537,1.179440120721287
SUPIR:voc_emotic_ava___VOC2012__2012_004043,SUPIR,voc_emotic_ava___VOC2012__2012_004043.png,/home/oleg/coding/py/QualiSR-Lab/dataset/sr/SUPIR/voc_emotic_ava___VOC2012__2012_004043.png,/home/oleg/coding/py/QualiSR-Lab/dataset/hr/voc_emotic_ava___VOC2012__2012_004043.png,/home/oleg/coding/py/QualiSR-Lab/dataset/lr/voc_emotic_ava___VOC2012__2012_004043.png,-0.4691756521047048,-1.7131345290908775,1.3538723741654128,-0.11453984525261789,1.2378163119734618
RealESRGAN:1024x768___4962875195,RealESRGAN,1024x768___4962875195.png,/home/oleg/coding/py/QualiSR-Lab/dataset/sr/RealESRGAN/1024x768___4962875195.png,/home/oleg/coding/py/QualiSR-Lab/dataset/hr/1024x768___4962875195.png,/home/oleg/coding/py/QualiSR-Lab/dataset/lr/1024x768___4962875195.png,-1.594427658794367,-0.5993750229537729,0.005243699718183166,0.046980593764742055,-0.45006547147924364
RealESRGAN:ava_images___101816,RealESRGAN,ava_images___101816.png,/home/oleg/coding/py/QualiSR-Lab/dataset/sr/RealESRGAN/ava_images___101816.png,/home/oleg/coding/py/QualiSR-Lab/dataset/hr/ava_images___101816.png,/home/oleg/coding/py/QualiSR-Lab/dataset/lr/ava_images___101816.png,0.6228499323474987,-1.0676204293825944,-0.1423794850212935,0.12029563171189886,0.514438834058749
RealESRGAN:ava_images___158174,RealESRGAN,ava_images___158174.png,/home/oleg/coding/py/QualiSR-Lab/dataset/sr/RealESRGAN/ava_images___158174.png,/home/oleg/coding/py/QualiSR-Lab/dataset/hr/ava_images___158174.png,/home/oleg/coding/py/QualiSR-Lab/dataset/lr/ava_images___158174.png,0.7116148780888898,-1.1246420918378692,-1.5341141707356223,1.277676821898509,0.33231401197959165
RealESRGAN:ava_images___18037,RealESRGAN,ava_images___18037.png,/home/oleg/coding/py/QualiSR-Lab/dataset/sr/RealESRGAN/ava_images___18037.png,/home/oleg/coding/py/QualiSR-Lab/dataset/hr/ava_images___18037.png,/home/oleg/coding/py/QualiSR-Lab/dataset/lr/ava_images___18037.png,-0.7484865365565536,1.551151975522523,0.11567463429285867,1.1792971840638264,0.06751848141010895
RealESRGAN:ava_images___217590,RealESRGAN,ava_images___217590.png,/home/oleg/coding/py/QualiSR-Lab/dataset/sr/RealESRGAN/ava_images___217590.png,/home/oleg/coding/py/QualiSR-Lab/dataset/hr/ava_images___217590.png,/home/oleg/coding/py/QualiSR-Lab/dataset/lr/ava_images___217590.png,2.060747924881987,1.7553408424432044,-0.2489641484790735,0.9715709509543554,0.6453759495851475
RealESRGAN:ava_images___251530,RealESRGAN,ava_images___251530.png,/home/oleg/coding/py/QualiSR-Lab/dataset/sr/RealESRGAN/ava_images___251530.png,/home/oleg/coding/py/QualiSR-Lab/dataset/hr/ava_images___251530.png,/home/oleg/coding/py/QualiSR-Lab/dataset/lr/ava_images___251530.png,1.3686315575323487,-0.9649234605801045,0.6860514599984393,1.0584244868495878,-1.7587394864231143
RealESRGAN:ava_images___253900,RealESRGAN,ava_images___253900.png,/home/oleg/coding/py/QualiSR-Lab/dataset/sr/RealESRGAN/ava_images___253900.png,/home/oleg/coding/py/QualiSR-Lab/dataset/hr/ava_images___253900.png,/home/oleg/coding/py/QualiSR-Lab/dataset/lr/ava_images___253900.png,-1.183258512665775,-2.0392321777601006,-0.26940683444455776,0.7175422557959623,1.502357052096028
RealESRGAN:ava_images___273810,RealESRGAN,ava_images___273810.png,/home/oleg/coding/py/QualiSR-Lab/dataset/sr/RealESRGAN/ava_images___273810.png,/home/oleg/coding/py/QualiSR-Lab/dataset/hr/ava_images___273810.png,/home/oleg/coding/py/QualiSR-Lab/dataset/lr/ava_images___273810.png,0.07409478041977519,1.6286155455712918,-1.3801014582148914,-1.7033824393551547,-0.05554769889661878
RealESRGAN:ava_images___295451,RealESRGAN,ava_images___295451.png,/home/oleg/coding/py/QualiSR-Lab/dataset/sr/RealESRGAN/ava_images___295451.png,/home/oleg/coding/py/QualiSR-Lab/dataset/hr/ava_images___295451.png,/home/oleg/coding/py/QualiSR-Lab/dataset/lr/ava_images___295451.png,0.3840654489393073,-0.03269474809409311,-2.0674421000398766,-0.08912003951278841,-1.3044695005048532
RealESRGAN:ava_images___308473,RealESRGAN,ava_images___308473.png,/home/oleg/coding/py/QualiSR-Lab/dataset/sr/RealESRGAN/ava_images___308473.png,/home/oleg/coding/py/QualiSR-Lab/dataset/hr/ava_images___308473.png,/home/oleg/coding/py/QualiSR-Lab/dataset/lr/ava_images___308473.png,0.6696725488300385,0.36659824609684827,-0.9398797863273552,-0.5138669173366935,-1.0592135218889516
RealESRGAN:ava_images___321917,RealESRGAN,ava_images___321917.png,/home/oleg/coding/py/QualiSR-Lab/dataset/sr/RealESRGAN/ava_images___321917.png,/home/oleg/coding/py/QualiSR-Lab/dataset/hr/ava_images___321917.png,/home/oleg/coding/py/QualiSR-Lab/dataset/lr/ava_images___321917.png,-0.06267909727317188,0.9551423205012383,-0.9857260463355437,0.5040465155178444,-0.5302576183724408
RealESRGAN:ava_images___360165,RealESRGAN,ava_images___360165.png,/home/oleg/coding/py/QualiSR-Lab/dataset/sr/RealESRGAN/ava_images___360165.png,/home/oleg/coding/py/QualiSR-Lab/dataset/hr/ava_images___360165.png,/home/oleg/coding/py/QualiSR-Lab/dataset/lr/ava_images___360165.png,-0.7928728322623442,-0.10703035995455783,-1.035242322419374,-0.553649305347182,-1.1978778925888485
RealESRGAN:ava_images___426629,RealESRGAN,ava_images___426629.png,/home/oleg/coding/py/QualiSR-Lab/dataset/sr/RealESRGAN/ava_images___426629.png,/home/oleg/coding/py/QualiSR-Lab/dataset/hr/ava_images___426629.png,/home/oleg/coding/py/QualiSR-Lab/dataset/lr/ava_images___426629.png,1.9647251329163893,0.03526355197172861,-0.6997255079925856,0.213979910734222,-0.11232804969082982
RealESRGAN:ava_images___436880,RealESRGAN,ava_images___436880.png,/home/oleg/coding/py/QualiSR-Lab/dataset/sr/RealESRGAN/ava_images___436880.png,/home/oleg/coding/py/QualiSR-Lab/dataset/hr/ava_images___436880.png,/home/oleg/coding/py/QualiSR-Lab/dataset/lr/ava_images___436880.png,-0.22096959953322298,0.6141667000434252,0.7575077100473051,-0.5305011476105275,-0.57581824064468
RealESRGAN:ava_images___46021,RealESRGAN,ava_images___46021.png,/home/oleg/coding/py/QualiSR-Lab/dataset/sr/RealESRGAN/ava_images___46021.png,/home/oleg/coding/py/QualiSR-Lab/dataset/hr/ava_images___46021.png,/home/oleg/coding/py/QualiSR-Lab/dataset/lr/ava_images___46021.png,-0.275051697151644,-2.301921164735585,-1.5151910621985523,1.3668742674445247,1.6449677135012837
RealESRGAN:ava_images___472713,RealESRGAN,ava_images___472713.png,/home/oleg/coding/py/QualiSR-Lab/dataset/sr/RealESRGAN/ava_images___472713.png,/home/oleg/coding/py/QualiSR-Lab/dataset/hr/ava_images___472713.png,/home/oleg/coding/py/QualiSR-Lab/dataset/lr/ava_images___472713.png,-0.24903603955637832,0.5765569630557664,0.3112501545435361,3.0788808084552377,1.1195749114345768
RealESRGAN:ava_images___501777,RealESRGAN,ava_images___501777.png,/home/oleg/coding/py/QualiSR-Lab/dataset/sr/RealESRGAN/ava_images___501777.png,/home/oleg/coding/py/QualiSR-Lab/dataset/hr/ava_images___501777.png,/home/oleg/coding/py/QualiSR-Lab/dataset/lr/ava_images___501777.png,-0.12791759148076653,-0.9555404406004258,-1.6064463202575725,0.2034636358672231,-0.7563507452843033
RealESRGAN:ava_images___564572,RealESRGAN,ava_images___564572.png,/home/oleg/coding/py/QualiSR-Lab/dataset/sr/RealESRGAN/ava_images___564572.png,/home/oleg/coding/py/QualiSR-Lab/dataset/hr/ava_images___564572.png,/home/oleg/coding/py/QualiSR-Lab/dataset/lr/ava_images___564572.png,-1.4222537095976742,-0.6465728842425266,-1.081548003614395,1.6871416350725648,0.8816397569494505
RealESRGAN:ava_images___588008,RealESRGAN,ava_images___588008.png,/home/oleg/coding/py/QualiSR-Lab/dataset/sr/RealESRGAN/ava_images___588008.png,/home/oleg/coding/py/QualiSR-Lab/dataset/hr/ava_images___588008.png,/home/oleg/coding/py/QualiSR-Lab/dataset/lr/ava_images___588008.png,-0.007972641316617372,1.4799441388900259,0.0773683076476183,-0.8612842013282637,1.5231240772696573
RealESRGAN:ava_images___645845,RealESRGAN,ava_images___645845.png,/home/oleg/coding/py/QualiSR-Lab/dataset/sr/RealESRGAN/ava_images___645845.png,/home/oleg/coding/py/QualiSR-Lab/dataset/hr/ava_images___645845.png,/home/oleg/coding/py/QualiSR-Lab/dataset/lr/ava_images___645845.png,0.5389100436846587,-1.0372461543264564,-0.1903386780836082,-0.8756182533847572,-1.382799730964336
RealESRGAN:ava_images___699615,RealESRGAN,ava_images___699615.png,/home/oleg/coding/py/QualiSR-Lab/dataset/sr/RealESRGAN/ava_images___699615.png,/home/oleg/coding/py/QualiSR-Lab/dataset/hr/ava_images___699615.png,/home/oleg/coding/py/QualiSR-Lab/dataset/lr/ava_images___699615.png,0.9261775475316414,1.9094166404701305,-1.3985675738191412,0.5629692366905709,-0.6506425691218269
RealESRGAN:ava_images___710191,RealESRGAN,ava_images___710191.png,/home/oleg/coding/py/QualiSR-Lab/dataset/sr/RealESRGAN/ava_images___710191.png,/home/oleg/coding/py/QualiSR-Lab/dataset/hr/ava_images___710191.png,/home/oleg/coding/py/QualiSR-Lab/dataset/lr/ava_images___710191.png,-0.48712538376469605,-0.5923939242388692,-0.863990769679816,0.04852162794482699,-0.8309501164110378
RealESRGAN:ava_images___737450,RealESRGAN,ava_images___737450.png,/home/oleg/coding/py/QualiSR-Lab/dataset/sr/RealESRGAN/ava_images___737450.png,/home/oleg/coding/py/QualiSR-Lab/dataset/hr/ava_images___737450.png,/home/oleg/coding/py/QualiSR-Lab/dataset/lr/ava_images___737450.png,0.2704568257798388,-0.05023810944913695,-0.23894804686640975,-0.9075636620415979,-0.5767713305683327
RealESRGAN:ava_images___74410,RealESRGAN,ava_images___74410.png,/home/oleg/coding/py/QualiSR-Lab/dataset/sr/RealESRGAN/ava_images___74410.png,/home/oleg/coding/py/QualiSR-Lab/dataset/hr/ava_images___74410.png,/home/oleg/coding/py/QualiSR-Lab/dataset/lr/ava_images___74410.png,0.755391225825756,0.5009171876243808,-0.977555244798551,0.09933230542922587,0.751387123371789
RealESRGAN:ava_images___751927,RealESRGAN,ava_images___751927.png,/home/oleg/coding/py/QualiSR-Lab/dataset/sr/RealESRGAN/ava_images___751927.png,/home/oleg/coding/py/QualiSR-Lab/dataset/hr/ava_images___751927.png,/home/oleg/coding/py/QualiSR-Lab/dataset/lr/ava_images___751927.png,-1.6694052811213718,0.543360192379935,-0.6626237589458467,0.5705986685931593,-0.7632591565425169
RealESRGAN:ava_images___773899,RealESRGAN,ava_images___773899.png,/home/oleg/coding/py/QualiSR-Lab/dataset/sr/RealESRGAN/ava_images___773899.png,/home/oleg/coding/py/QualiSR-Lab/dataset/hr/ava_images___773899.png,/home/oleg/coding/py/QualiSR-Lab/dataset/lr/ava_images___773899.png,-1.804882100664519,-1.6275424378831627,0.048084946661381994,0.25972250172148187,-0.9043166251044086
RealESRGAN:ava_images___827653,RealESRGAN,ava_images___827653.png,/home/oleg/coding/py/QualiSR-Lab/dataset/sr/RealESRGAN/ava_images___827653.png,/home/oleg/coding/py/QualiSR-Lab/dataset/hr/ava_images___827653.png,/home/oleg/coding/py/QualiSR-Lab/dataset/lr/ava_images___827653.png,0.6385924587773739,-1.6615200622689599,-0.06607979864731657,-1.2110161997624567,-0.6518361078021592
RealESRGAN:ava_images___842206,RealESRGAN,ava_images___842206.png,/home/oleg/coding/py/QualiSR-Lab/dataset/sr/RealESRGAN/ava_images___842206.png,/home/oleg/coding/py/QualiSR-Lab/dataset/hr/ava_images___842206.png,/home/oleg/coding/py/QualiSR-Lab/dataset/lr/ava_images___842206.png,0.047398671316414016,-0.8604133652839524,-0.38455554422982535,1.0062928092144405,-0.5768918695231487
RealESRGAN:ava_images___846773,RealESRGAN,ava_images___846773.png,/home/oleg/coding/py/QualiSR-Lab/dataset/sr/RealESRGAN/ava_images___846773.png,/home/oleg/coding/py/QualiSR-Lab/dataset/hr/ava_images___846773.png,/home/oleg/coding/py/QualiSR-Lab/dataset/lr/ava_images___846773.png,0.8356921120651418,-1.129706854657618,0.5298041779152828,1.4415686206579004,-2.4716445001272893
RealESRGAN:ava_images___857447,RealESRGAN,ava_images___857447.png,/home/oleg/coding/py/QualiSR-Lab/dataset/sr/RealESRGAN/ava_images___857447.png,/home/oleg/coding/py/QualiSR-Lab/dataset/hr/ava_images___857447.png,/home/oleg/coding/py/QualiSR-Lab/dataset/lr/ava_images___857447.png,-0.7968952554704768,0.57707212718054,-0.2030453860429927,0.37114587337130883,-0.6039851867158206
RealESRGAN:ava_images___864250,RealESRGAN,ava_images___864250.png,/home/oleg/coding/py/QualiSR-Lab/dataset/sr/RealESRGAN/ava_images___864250.png,/home/oleg/coding/py/QualiSR-Lab/dataset/hr/ava_images___864250.png,/home/oleg/coding/py/QualiSR-Lab/dataset/lr/ava_images___864250.png,0.08658978747289992,-0.15567723539207948,1.1677820616598074,0.2544208433012131,0.3376026620752022
RealESRGAN:ava_images___865616,RealESRGAN,ava_images___865616.png,/home/oleg/coding/py/QualiSR-Lab/dataset/sr/RealESRGAN/ava_images___865616.png,/home/oleg/coding/py/QualiSR-Lab/dataset/hr/ava_images___865616.png,/home/oleg/coding/py/QualiSR-Lab/dataset/lr/ava_images___865616.png,-0.4118769661224674,-0.48760622407249354,-0.4325581878196209,0.39445214237829684,-0.42098448082026296
RealESRGAN:ava_images___953752,RealESRGAN,ava_images___953752.png,/home/oleg/coding/py/QualiSR-Lab/dataset/sr/RealESRGAN/ava_images___953752.png,/home/oleg/coding/py/QualiSR-Lab/dataset/hr/ava_images___953752.png,/home/oleg/coding/py/QualiSR-Lab/dataset/lr/ava_images___953752.png,0.2897748568964129,2.075400798645439,0.8711247034316923,-0.32602353216784113,1.2012139221639448
RealESRGAN:blur_dataset___out_of_focus0685,RealESRGAN,blur_dataset___out_of_focus0685.png,/home/oleg/coding/py/QualiSR-Lab/dataset/sr/RealESRGAN/blur_dataset___out_of_focus0685.png,/home/oleg/coding/py/QualiSR-Lab/dataset/hr/blur_dataset___out_of_focus0685.png,/home/oleg/coding/py/QualiSR-Lab/dataset/lr/blur_dataset___out_of_focus0685.png,-0.4080753730215514,-2.038124535177854,-1.008086310917404,-1.8707919210258557,-0.35151348404130867
RealESRGAN:voc_emotic_ava___EMOTIC__COCO_train2014_000000244530,RealESRGAN,voc_emotic_ava___EMOTIC__COCO_train2014_000000244530.png,/home/oleg/coding/py/QualiSR-Lab/dataset/sr/RealESRGAN/voc_emotic_ava___EMOTIC__COCO_train2014_000000244530.png,/home/oleg/coding/py/QualiSR-Lab/dataset/hr/voc_emotic_ava___EMOTIC__COCO_train2014_000000244530.png,/home/oleg/coding/py/QualiSR-Lab/dataset/lr/voc_emotic_ava___EMOTIC__COCO_train2014_000000244530.png,0.0184183791895517,1.6764373122752827,0.32692737376416264,-0.21910052880886424,0.8294055811834892
RealESRGAN:voc_emotic_ava___EMOTIC__COCO_train2014_000000247190,RealESRGAN,voc_emotic_ava___EMOTIC__COCO_train2014_000000247190.png,/home/oleg/coding/py/QualiSR-Lab/dataset/sr/RealESRGAN/voc_emotic_ava___EMOTIC__COCO_train2014_000000247190.png,/home/oleg/coding/py/QualiSR-Lab/dataset/hr/voc_emotic_ava___EMOTIC__COCO_train2014_000000247190.png,/home/oleg/coding/py/QualiSR-Lab/dataset/lr/voc_emotic_ava___EMOTIC__COCO_train2014_000000247190.png,-2.211135309007885,0.23561455810856594,0.7708651938869668,-1.4785862457798415,1.143754043206929
RealESRGAN:voc_emotic_ava___EMOTIC__COCO_val2014_000000020598,RealESRGAN,voc_emotic_ava___EMOTIC__COCO_val2014_000000020598.png,/home/oleg/coding/py/QualiSR-Lab/dataset/sr/RealESRGAN/voc_emotic_ava___EMOTIC__COCO_val2014_000000020598.png,/home/oleg/coding/py/QualiSR-Lab/dataset/hr/voc_emotic_ava___EMOTIC__COCO_val2014_000000020598.png,/home/oleg/coding/py/QualiSR-Lab/dataset/lr/voc_emotic_ava___EMOTIC__COCO_val2014_000000020598.png,0.3384964074944141,-0.4152879139008013,0.6327818661062848,2.270692857804396,0.18186625505849516
RealESRGAN:voc_emotic_ava___JPEGImages__2008_003883,RealESRGAN,voc_emotic_ava___JPEGImages__2008_003883.png,/home/oleg/coding/py/QualiSR-Lab/dataset/sr/RealESRGAN/voc_emotic_ava___JPEGImages__2008_003883.png,/home/oleg/coding/py/QualiSR-Lab/dataset/hr/voc_emotic_ava___JPEGImages__2008_003883.png,/home/oleg/coding/py/QualiSR-Lab/dataset/lr/voc_emotic_ava___JPEGImages__2008_003883.png,0.24822058630033608,-0.4593608995402441,-0.8498443694647918,0.8303358165442456,-0.8560838259088672
RealESRGAN:voc_emotic_ava___VOC2012__2010_004399,RealESRGAN,voc_emotic_ava___VOC2012__2010_004399.png,/home/oleg/coding/py/QualiSR-Lab/dataset/sr/RealESRGAN/voc_emotic_ava___VOC2012__2010_004399.png,/home/oleg/coding/py/QualiSR-Lab/dataset/hr/voc_emotic_ava___VOC2012__2010_004399.png,/home/oleg/coding/py/QualiSR-Lab/dataset/lr/voc_emotic_ava___VOC2012__2010_004399.png,0.07156623721939247,-0.4776574467651167,0.47897982574639186,0.3336621052869483,1.0375399442578992
RealESRGAN:voc_emotic_ava___VOC2012__2012_004043,RealESRGAN,voc_emotic_ava___VOC2012__2012_004043.png,/home/oleg/coding/py/QualiSR-Lab/dataset/sr/RealESRGAN/voc_emotic_ava___VOC2012__2012_004043.png,/home/oleg/coding/py/QualiSR-Lab/dataset/hr/voc_emotic_ava___VOC2012__2012_004043.png,/home/oleg/coding/py/QualiSR-Lab/dataset/lr/voc_emotic_ava___VOC2012__2012_004043.png,-0.510016398854747,-0.26987493529337125,-0.9787637157823074,-0.4442932600761116,0.3773004930448522
