sample_id,sr_method,sr_filename,sr_path,gt_path,lr_path,gaussian_0,gaussian_1,gaussian_2,gaussian_3,gaussian_4,uniform_0,uniform_1,uniform_2,uniform_3,uniform_4
PASD:1024x768___4962875195,PASD,1024x768___4962875195.png,/home/oleg/coding/py/QualiSR-Lab/dataset/sr/PASD/1024x768___4962875195.png,/home/oleg/coding/py/QualiSR-Lab/dataset/hr/1024x768___4962875195.png,/home/oleg/coding/py/QualiSR-Lab/dataset/lr/1024x768___4962875195.png,0.4967141530112327,-0.13826430117118466,0.6476885381006925,1.5230298564080254,-0.23415337472333597,0.3745401188473625,0.9507143064099162,0.7319939418114051,0.5986584841970366,0.15601864044243652
PASD:ava_images___101816,PASD,ava_images___101816.png,/home/oleg/coding/py/QualiSR-Lab/dataset/sr/PASD/ava_images___101816.png,/home/oleg/coding/py/QualiSR-Lab/dataset/hr/ava_images___101816.png,/home/oleg/coding/py/QualiSR-Lab/dataset/lr/ava_images___101816.png,-0.23413695694918055,1.5792128155073915,0.7674347291529088,-0.4694743859349521,0.5425600435859647,0.15599452033620265,0.05808361216819946,0.8661761457749352,0.6011150117432088,0.7080725777960455
PASD:ava_images___158174,PASD,ava_images___158174.png,/home/oleg/coding/py/QualiSR-Lab/dataset/sr/PASD/ava_images___158174.png,/home/oleg/coding/py/QualiSR-Lab/dataset/hr/ava_images___158174.png,/home/oleg/coding/py/QualiSR-Lab/dataset/lr/ava_images___158174.png,-0.46341769281246226,-0.46572975357025687,0.24196227156603412,-1.913280244657798,-1.7249178325130328,0.020584494295802447,0.9699098521619943,0.8324426408004217,0.21233911067827616,0.18182496720710062
PASD:ava_images___18037,PASD,ava_images___18037.png,/home/oleg/coding/py/QualiSR-Lab/dataset/sr/PASD/ava_images___18037.png,/home/oleg/coding/py/QualiSR-Lab/dataset/hr/ava_images___18037.png,/home/oleg/coding/py/QualiSR-Lab/dataset/lr/ava_images___18037.png,-0.5622875292409727,-1.0128311203344238,0.3142473325952739,-0.9080240755212109,-1.4123037013352915,0.18340450985343382,0.3042422429595377,0.5247564316322378,0.43194501864211576,0.2912291401980419
PASD:ava_images___217590,PASD,ava_images___217590.png,/home/oleg/coding/py/QualiSR-Lab/dataset/sr/PASD/ava_images___217590.png,/home/oleg/coding/py/QualiSR-Lab/dataset/hr/ava_images___217590.png,/home/oleg/coding/py/QualiSR-Lab/dataset/lr/ava_images___217590.png,1.465648768921554,-0.22577630048653566,0.06752820468792384,-1.4247481862134568,-0.5443827245251827,0.6118528947223795,0.13949386065204183,0.29214464853521815,0.3663618432936917,0.45606998421703593
PASD:ava_images___251530,PASD,ava_images___251530.png,/home/oleg/coding/py/QualiSR-Lab/dataset/sr/PASD/ava_images___251530.png,/home/oleg/coding/py/QualiSR-Lab/dataset/hr/ava_images___251530.png,/home/oleg/coding/py/QualiSR-Lab/dataset/lr/ava_images___251530.png,0.11092258970986608,-1.1509935774223028,0.37569801834567196,-0.600638689918805,-0.2916937497932768,0.7851759613930136,0.19967378215835974,0.5142344384136116,0.5924145688620425,0.046450412719997725
PASD:ava_images___253900,PASD,ava_images___253900.png,/home/oleg/coding/py/QualiSR-Lab/dataset/sr/PASD/ava_images___253900.png,/home/oleg/coding/py/QualiSR-Lab/dataset/hr/ava_images___253900.png,/home/oleg/coding/py/QualiSR-Lab/dataset/lr/ava_images___253900.png,-0.6017066122293969,1.8522781845089378,-0.013497224737933921,-1.0577109289559004,0.822544912103189,0.6075448519014384,0.17052412368729153,0.06505159298527952,0.9488855372533332,0.9656320330745594
PASD:ava_images___273810,PASD,ava_images___273810.png,/home/oleg/coding/py/QualiSR-Lab/dataset/sr/PASD/ava_images___273810.png,/home/oleg/coding/py/QualiSR-Lab/dataset/hr/ava_images___273810.png,/home/oleg/coding/py/QualiSR-Lab/dataset/lr/ava_images___273810.png,-1.2208436499710222,0.2088635950047554,-1.9596701238797756,-1.3281860488984305,0.19686123586912352,0.8083973481164611,0.3046137691733707,0.09767211400638387,0.6842330265121569,0.4401524937396013
PASD:ava_images___295451,PASD,ava_images___295451.png,/home/oleg/coding/py/QualiSR-Lab/dataset/sr/PASD/ava_images___295451.png,/home/oleg/coding/py/QualiSR-Lab/dataset/hr/ava_images___295451.png,/home/oleg/coding/py/QualiSR-Lab/dataset/lr/ava_images___295451.png,0.7384665799954104,0.1713682811899705,-0.11564828238824053,-0.3011036955892888,-1.4785219903674274,0.12203823484477883,0.4951769101112702,0.034388521115218396,0.9093204020787821,0.2587799816000169
PASD:ava_images___308473,PASD,ava_images___308473.png,/home/oleg/coding/py/QualiSR-Lab/dataset/sr/PASD/ava_images___308473.png,/home/oleg/coding/py/QualiSR-Lab/dataset/hr/ava_images___308473.png,/home/oleg/coding/py/QualiSR-Lab/dataset/lr/ava_images___308473.png,-0.7198442083947086,-0.4606387709597875,1.0571222262189157,0.3436182895684614,-1.763040155362734,0.662522284353982,0.31171107608941095,0.5200680211778108,0.5467102793432796,0.18485445552552704
PASD:ava_images___321917,PASD,ava_images___321917.png,/home/oleg/coding/py/QualiSR-Lab/dataset/sr/PASD/ava_images___321917.png,/home/oleg/coding/py/QualiSR-Lab/dataset/hr/ava_images___321917.png,/home/oleg/coding/py/QualiSR-Lab/dataset/lr/ava_images___321917.png,0.324083969394795,-0.38508228041631654,-0.6769220003059587,0.6116762888408679,1.030999522495951,0.9695846277645586,0.7751328233611146,0.9394989415641891,0.8948273504276488,0.5978999788110851
PASD:ava_images___360165,PASD,ava_images___360165.png,/home/oleg/coding/py/QualiSR-Lab/dataset/sr/PASD/ava_images___360165.png,/home/oleg/coding/py/QualiSR-Lab/dataset/hr/ava_images___360165.png,/home/oleg/coding/py/QualiSR-Lab/dataset/lr/ava_images___360165.png,0.9312801191161986,-0.8392175232226385,-0.3092123758512146,0.33126343140356396,0.9755451271223592,0.9218742350231168,0.0884925020519195,0.1959828624191452,0.045227288910538066,0.32533033076326434
PASD:ava_images___426629,PASD,ava_images___426629.png,/home/oleg/coding/py/QualiSR-Lab/dataset/sr/PASD/ava_images___426629.png,/home/oleg/coding/py/QualiSR-Lab/dataset/hr/ava_images___426629.png,/home/oleg/coding/py/QualiSR-Lab/dataset/lr/ava_images___426629.png,-0.47917423784528995,-0.18565897666381712,-1.1063349740060282,-1.1962066240806708,0.812525822394198,0.388677289689482,0.2713490317738959,0.8287375091519293,0.3567533266935893,0.28093450968738076
PASD:ava_images___436880,PASD,ava_images___436880.png,/home/oleg/coding/py/QualiSR-Lab/dataset/sr/PASD/ava_images___436880.png,/home/oleg/coding/py/QualiSR-Lab/dataset/hr/ava_images___436880.png,/home/oleg/coding/py/QualiSR-Lab/dataset/lr/ava_images___436880.png,1.356240028570823,-0.07201012158033385,1.0035328978920242,0.36163602504763415,-0.6451197546051243,0.5426960831582485,0.14092422497476265,0.8021969807540397,0.07455064367977082,0.9868869366005173
PASD:ava_images___46021,PASD,ava_images___46021.png,/home/oleg/coding/py/QualiSR-Lab/dataset/sr/PASD/ava_images___46021.png,/home/oleg/coding/py/QualiSR-Lab/dataset/hr/ava_images___46021.png,/home/oleg/coding/py/QualiSR-Lab/dataset/lr/ava_images___46021.png,0.36139560550841393,1.5380365664659692,-0.03582603910995154,1.5646436558140062,-2.6197451040897444,0.7722447692966574,0.1987156815341724,0.005522117123602399,0.8154614284548342,0.7068573438476171
PASD:ava_images___472713,PASD,ava_images___472713.png,/home/oleg/coding/py/QualiSR-Lab/dataset/sr/PASD/ava_images___472713.png,/home/oleg/coding/py/QualiSR-Lab/dataset/hr/ava_images___472713.png,/home/oleg/coding/py/QualiSR-Lab/dataset/lr/ava_images___472713.png,0.8219025043752238,0.08704706823817122,-0.29900735046586746,0.0917607765355023,-1.9875689146008928,0.7290071680409873,0.7712703466859457,0.07404465173409036,0.3584657285442726,0.11586905952512971
PASD:ava_images___501777,PASD,ava_images___501777.png,/home/oleg/coding/py/QualiSR-Lab/dataset/sr/PASD/ava_images___501777.png,/home/oleg/coding/py/QualiSR-Lab/dataset/hr/ava_images___501777.png,/home/oleg/coding/py/QualiSR-Lab/dataset/lr/ava_images___501777.png,-0.21967188783751193,0.3571125715117464,1.477894044741516,-0.5182702182736474,-0.8084936028931876,0.8631034258755935,0.6232981268275579,0.3308980248526492,0.06355835028602363,0.3109823217156622
PASD:ava_images___564572,PASD,ava_images___564572.png,/home/oleg/coding/py/QualiSR-Lab/dataset/sr/PASD/ava_images___564572.png,/home/oleg/coding/py/QualiSR-Lab/dataset/hr/ava_images___564572.png,/home/oleg/coding/py/QualiSR-Lab/dataset/lr/ava_images___564572.png,-0.5017570435845365,0.9154021177020741,0.32875110965968446,-0.5297602037670388,0.5132674331133561,0.32518332202674705,0.7296061783380641,0.6375574713552131,0.8872127425763265,0.4722149251619493
PASD:ava_images___588008,PASD,ava_images___588008.png,/home/oleg/coding/py/QualiSR-Lab/dataset/sr/PASD/ava_images___588008.png,/home/oleg/coding/py/QualiSR-Lab/dataset/hr/ava_images___588008.png,/home/oleg/coding/py/QualiSR-Lab/dataset/lr/ava_images___588008.png,0.09707754934804039,0.9686449905328892,-0.7020530938773524,-0.3276621465977682,-0.39210815313215763,0.1195942459383017,0.713244787222995,0.7607850486168974,0.5612771975694962,0.770967179954561
PASD:ava_images___645845,PASD,ava_images___645845.png,/home/oleg/coding/py/QualiSR-Lab/dataset/sr/PASD/ava_images___645845.png,/home/oleg/coding/py/QualiSR-Lab/dataset/hr/ava_images___645845.png,/home/oleg/coding/py/QualiSR-Lab/dataset/lr/ava_images___645845.png,-1.4635149481321186,0.29612027706457605,0.26105527217988933,0.00511345664246089,-0.23458713337514692,0.49379559636439074,0.5227328293819941,0.42754101835854963,0.02541912674409519,0.10789142699330445
PASD:ava_images___699615,PASD,ava_images___699615.png,/home/oleg/coding/py/QualiSR-Lab/dataset/sr/PASD/ava_images___699615.png,/home/oleg/coding/py/QualiSR-Lab/dataset/hr/ava_images___699615.png,/home/oleg/coding/py/QualiSR-Lab/dataset/lr/ava_images___699615.png,-1.4153707420504142,-0.42064532276535904,-0.3427145165267695,-0.8022772692216189,-0.16128571166600914,0.03142918568673425,0.6364104112637804,0.3143559810763267,0.5085706911647028,0.907566473926093
PASD:ava_images___710191,PASD,ava_images___710191.png,/home/oleg/coding/py/QualiSR-Lab/dataset/sr/PASD/ava_images___710191.png,/home/oleg/coding/py/QualiSR-Lab/dataset/hr/ava_images___710191.png,/home/oleg/coding/py/QualiSR-Lab/dataset/lr/ava_images___710191.png,0.4040508568145384,1.8861859012105302,0.17457781283183896,0.25755039072276437,-0.07444591576616721,0.24929222914887494,0.41038292303562973,0.7555511385430487,0.22879816549162246,0.07697990982879299
PASD:ava_images___737450,PASD,ava_images___737450.png,/home/oleg/coding/py/QualiSR-Lab/dataset/sr/PASD/ava_images___737450.png,/home/oleg/coding/py/QualiSR-Lab/dataset/hr/ava_images___737450.png,/home/oleg/coding/py/QualiSR-Lab/dataset/lr/ava_images___737450.png,-1.9187712152990415,-0.026513875449216878,0.06023020994102644,2.463242112485286,-0.19236096478112252,0.289751452913768,0.16122128725400442,0.9296976523425731,0.808120379564417,0.6334037565104235
PASD:ava_images___74410,PASD,ava_images___74410.png,/home/oleg/coding/py/QualiSR-Lab/dataset/sr/PASD/ava_images___74410.png,/home/oleg/coding/py/QualiSR-Lab/dataset/hr/ava_images___74410.png,/home/oleg/coding/py/QualiSR-Lab/dataset/lr/ava_images___74410.png,0.30154734233361247,-0.03471176970524331,-1.168678037619532,1.1428228145150205,0.7519330326867741,0.8714605901877177,0.8036720768991145,0.18657005888603584,0.8925589984899778,0.5393422419156507
PASD:ava_images___751927,PASD,ava_images___751927.png,/home/oleg/coding/py/QualiSR-Lab/dataset/sr/PASD/ava_images___751927.png,/home/oleg/coding/py/QualiSR-Lab/dataset/hr/ava_images___751927.png,/home/oleg/coding/py/QualiSR-Lab/dataset/lr/ava_images___751927.png,0.7910319470430469,-0.9093874547947389,1.4027943109360992,-1.4018510627922809,0.5868570938002703,0.8074401551640625,0.8960912999234932,0.3180034749718639,0.11005192452767676,0.22793516254194168
PASD:ava_images___773899,PASD,ava_images___773899.png,/home/oleg/coding/py/QualiSR-Lab/dataset/sr/PASD/ava_images___773899.png,/home/oleg/coding/py/QualiSR-Lab/dataset/hr/ava_images___773899.png,/home/oleg/coding/py/QualiSR-Lab/dataset/lr/ava_images___773899.png,2.1904556258099785,-0.9905363251306883,-0.5662977296027719,0.09965136508764122,-0.5034756541161992,0.4271077886262563,0.8180147659224931,0.8607305832563434,0.006952130531190703,0.5107473025775657
PASD:ava_images___827653,PASD,ava_images___827653.png,/home/oleg/coding/py/QualiSR-Lab/dataset/sr/PASD/ava_images___827653.png,/home/oleg/coding/py/QualiSR-Lab/dataset/hr/ava_images___827653.png,/home/oleg/coding/py/QualiSR-Lab/dataset/lr/ava_images___827653.png,-1.5506634310661327,0.06856297480602733,-1.0623037137261049,0.4735924306351816,-0.9194242342338032,0.417411003148779,0.22210781047073025,0.1198653673336828,0.33761517140362796,0.9429097039125192
PASD:ava_images___842206,PASD,ava_images___842206.png,/home/oleg/coding/py/QualiSR-Lab/dataset/sr/PASD/ava_images___842206.png,/home/oleg/coding/py/QualiSR-Lab/dataset/hr/ava_images___842206.png,/home/oleg/coding/py/QualiSR-Lab/dataset/lr/ava_images___842206.png,1.5499344050175394,-0.7832532923362371,-0.3220615162056756,0.8135172173696698,-1.2308643164339552,0.32320293202075523,0.5187906217433661,0.7030189588951778,0.363629602379294,0.9717820827209607
PASD:ava_images___846773,PASD,ava_images___846773.png,/home/oleg/coding/py/QualiSR-Lab/dataset/sr/PASD/ava_images___846773.png,/home/oleg/coding/py/QualiSR-Lab/dataset/hr/ava_images___846773.png,/home/oleg/coding/py/QualiSR-Lab/dataset/lr/ava_images___846773.png,0.22745993460412942,1.307142754282428,-1.6074832345612275,0.1846338585323042,0.25988279424842353,0.9624472949421112,0.25178229582536416,0.49724850589238545,0.30087830981676966,0.2848404943774676
PASD:ava_images___857447,PASD,ava_images___857447.png,/home/oleg/coding/py/QualiSR-Lab/dataset/sr/PASD/ava_images___857447.png,/home/oleg/coding/py/QualiSR-Lab/dataset/hr/ava_images___857447.png,/home/oleg/coding/py/QualiSR-Lab/dataset/lr/ava_images___857447.png,0.7818228717773104,-1.236950710878082,-1.3204566130842763,0.5219415656168976,0.29698467323318606,0.036886947354532795,0.6095643339798968,0.5026790232288615,0.05147875124998935,0.27864646423661144
PASD:ava_images___864250,PASD,ava_images___864250.png,/home/oleg/coding/py/QualiSR-Lab/dataset/sr/PASD/ava_images___864250.png,/home/oleg/coding/py/QualiSR-Lab/dataset/hr/ava_images___864250.png,/home/oleg/coding/py/QualiSR-Lab/dataset/lr/ava_images___864250.png,0.25049285034587654,0.3464482094969757,-0.6800247215784908,0.23225369716100355,0.29307247329868125,0.9082658859666537,0.23956189066697242,0.1448948720912231,0.489452760277563,0.9856504541106007
PASD:ava_images___865616,PASD,ava_images___865616.png,/home/oleg/coding/py/QualiSR-Lab/dataset/sr/PASD/ava_images___865616.png,/home/oleg/coding/py/QualiSR-Lab/dataset/hr/ava_images___865616.png,/home/oleg/coding/py/QualiSR-Lab/dataset/lr/ava_images___865616.png,-0.7143514180263678,1.8657745111447566,0.4738329209117875,-1.1913034972026486,0.6565536086338297,0.2420552715115004,0.6721355474058786,0.7616196153287176,0.23763754399239967,0.7282163486118596
PASD:ava_images___953752,PASD,ava_images___953752.png,/home/oleg/coding/py/QualiSR-Lab/dataset/sr/PASD/ava_images___953752.png,/home/oleg/coding/py/QualiSR-Lab/dataset/hr/ava_images___953752.png,/home/oleg/coding/py/QualiSR-Lab/dataset/lr/ava_images___953752.png,-0.9746816702273214,0.787084603742452,1.158595579007404,-0.8206823183517105,0.9633761292443218,0.3677831327192532,0.6323058305935795,0.6335297107608947,0.5357746840747585,0.0902897700544083
PASD:blur_dataset___out_of_focus0685,PASD,blur_dataset___out_of_focus0685.png,/home/oleg/coding/py/QualiSR-Lab/dataset/sr/PASD/blur_dataset___out_of_focus0685.png,/home/oleg/coding/py/QualiSR-Lab/dataset/hr/blur_dataset___out_of_focus0685.png,/home/oleg/coding/py/QualiSR-Lab/dataset/lr/blur_dataset___out_of_focus0685.png,0.4127809269364983,0.82206015999449,1.8967929826539474,-0.2453881160028705,-0.7537361643574896,0.835302495589238,0.32078006497173583,0.18651851039985423,0.040775141554763916,0.5908929431882418
PASD:voc_emotic_ava___EMOTIC__COCO_train2014_000000244530,PASD,voc_emotic_ava___EMOTIC__COCO_train2014_000000244530.png,/home/oleg/coding/py/QualiSR-Lab/dataset/sr/PASD/voc_emotic_ava___EMOTIC__COCO_train2014_000000244530.png,/home/oleg/coding/py/QualiSR-Lab/dataset/hr/voc_emotic_ava___EMOTIC__COCO_train2014_000000244530.png,/home/oleg/coding/py/QualiSR-Lab/dataset/lr/voc_emotic_ava___EMOTIC__COCO_train2014_000000244530.png,-0.8895144296255233,-0.8158102849654383,-0.0771017094141042,0.3411519748166439,0.27669079933001905,0.6775643618422824,0.016587828927856152,0.512093058299281,0.22649577519793795,0.6451727904094499
PASD:voc_emotic_ava___EMOTIC__COCO_train2014_000000247190,PASD,voc_emotic_ava___EMOTIC__COCO_train2014_000000247190.png,/home/oleg/coding/py/QualiSR-Lab/dataset/sr/PASD/voc_emotic_ava___EMOTIC__COCO_train2014_000000247190.png,/home/oleg/coding/py/QualiSR-Lab/dataset/hr/voc_emotic_ava___EMOTIC__COCO_train2014_000000247190.png,/home/oleg/coding/py/QualiSR-Lab/dataset/lr/voc_emotic_ava___EMOTIC__COCO_train2014_000000247190.png,0.8271832490360238,0.01300189187790702,1.4535340771573169,-0.2646568332379561,2.720169166589619,0.17436642900499144,0.690937738102466,0.3867353463005374,0.9367299887367345,0.13752094414599325
PASD:voc_emotic_ava___EMOTIC__COCO_val2014_000000020598,PASD,voc_emotic_ava___EMOTIC__COCO_val2014_000000020598.png,/home/oleg/coding/py/QualiSR-Lab/dataset/sr/PASD/voc_emotic_ava___EMOTIC__COCO_val2014_000000020598.png,/home/oleg/coding/py/QualiSR-Lab/dataset/hr/voc_emotic_ava___EMOTIC__COCO_val2014_000000020598.png,/home/oleg/coding/py/QualiSR-Lab/dataset/lr/voc_emotic_ava___EMOTIC__COCO_val2014_000000020598.png,0.6256673477650062,-0.8571575564162826,-1.0708924980611123,0.4824724152431853,-0.2234627853258509,0.3410663510502585,0.11347352124058907,0.9246936182785628,0.877339353380981,0.2579416277151556
PASD:voc_emotic_ava___JPEGImages__2008_003883,PASD,voc_emotic_ava___JPEGImages__2008_003883.png,/home/oleg/coding/py/QualiSR-Lab/dataset/sr/PASD/voc_emotic_ava___JPEGImages__2008_003883.png,/home/oleg/coding/py/QualiSR-Lab/dataset/hr/voc_emotic_ava___JPEGImages__2008_003883.png,/home/oleg/coding/py/QualiSR-Lab/dataset/lr/voc_emotic_ava___JPEGImages__2008_003883.png,0.714000494092092,0.47323762457354485,-0.07282891265687277,-0.846793718068405,-1.5148472246858646,0.659984046034179,0.8172222002012158,0.5552008115994623,0.5296505783560065,0.24185229090045168
PASD:voc_emotic_ava___VOC2012__2010_004399,PASD,voc_emotic_ava___VOC2012__2010_004399.png,/home/oleg/coding/py/QualiSR-Lab/dataset/sr/PASD/voc_emotic_ava___VOC2012__2010_004399.png,/home/oleg/coding/py/QualiSR-Lab/dataset/hr/voc_emotic_ava___VOC2012__2010_004399.png,/home/oleg/coding/py/QualiSR-Lab/dataset/lr/voc_emotic_ava___VOC2012__2010_004399.png,-0.4465149520670211,0.8563987943234723,0.21409374413020396,-1.245738778711988,0.173180925851182,0.09310276780589921,0.8972157579533268,0.9004180571633305,0.6331014572732679,0.3390297910487007
PASD:voc_emotic_ava___VOC2012__2012_004043,PASD,voc_emotic_ava___VOC2012__2012_004043.png,/home/oleg/coding/py/QualiSR-Lab/dataset/sr/PASD/voc_emotic_ava___VOC2012__2012_004043.png,/home/oleg/coding/py/QualiSR-Lab/dataset/hr/voc_emotic_ava___VOC2012__2012_004043.png,/home/oleg/coding/py/QualiSR-Lab/dataset/lr/voc_emotic_ava___VOC2012__2012_004043.png,0.3853173797288368,-0.883857436201133,0.1537251059455279,0.058208718445999896,-1.142970297830623,0.3492095746126609,0.7259556788702394,0.8971102599525771,0.8870864242651173,0.7798755458576239
SUPIR:1024x768___4962875195,SUPIR,1024x768___4962875195.png,/home/oleg/coding/py/QualiSR-Lab/dataset/sr/SUPIR/1024x768___4962875195.png,/home/oleg/coding/py/QualiSR-Lab/dataset/hr/1024x768___4962875195.png,/home/oleg/coding/py/QualiSR-Lab/dataset/lr/1024x768___4962875195.png,0.3577873603482833,0.5607845263682344,1.083051243175277,1.053802052034903,-1.377669367957091,0.6420316461542878,0.08413996499504883,0.16162871409461377,0.8985541885270792,0.6064290596595899
SUPIR:ava_images___101816,SUPIR,ava_images___101816.png,/home/oleg/coding/py/QualiSR-Lab/dataset/sr/SUPIR/ava_images___101816.png,/home/oleg/coding/py/QualiSR-Lab/dataset/hr/ava_images___101816.png,/home/oleg/coding/py/QualiSR-Lab/dataset/lr/ava_images___101816.png,-0.9378250399151228,0.5150352672086598,0.5137859509122088,0.5150476863060479,3.852731490654721,0.009197051616629648,0.1014715428660321,0.6635017691080558,0.005061583846218687,0.16080805141749865
SUPIR:ava_images___158174,SUPIR,ava_images___158174.png,/home/oleg/coding/py/QualiSR-Lab/dataset/sr/SUPIR/ava_images___158174.png,/home/oleg/coding/py/QualiSR-Lab/dataset/hr/ava_images___158174.png,/home/oleg/coding/py/QualiSR-Lab/dataset/lr/ava_images___158174.png,0.570890510693167,1.135565640180599,0.9540017634932023,0.651391251305798,-0.3152692446403456,0.5487337893665861,0.6918951976926933,0.6519612595026005,0.22426930946055978,0.7121792213475359
SUPIR:ava_images___18037,SUPIR,ava_images___18037.png,/home/oleg/coding/py/QualiSR-Lab/dataset/sr/SUPIR/ava_images___18037.png,/home/oleg/coding/py/QualiSR-Lab/dataset/hr/ava_images___18037.png,/home/oleg/coding/py/QualiSR-Lab/dataset/lr/ava_images___18037.png,0.7589692204932674,-0.7728252145375718,-0.23681860674000887,-0.48536354782910346,0.08187413938632256,0.23724908749680007,0.3253996981592677,0.7464914051180241,0.6496328990472147,0.8492234104941779
SUPIR:ava_images___217590,SUPIR,ava_images___217590.png,/home/oleg/coding/py/QualiSR-Lab/dataset/sr/SUPIR/ava_images___217590.png,/home/oleg/coding/py/QualiSR-Lab/dataset/hr/ava_images___217590.png,/home/oleg/coding/py/QualiSR-Lab/dataset/lr/ava_images___217590.png,2.3146585666735087,-1.867265192591748,0.6862601903745135,-1.6127158711896517,-0.47193186578943347,0.6576128923003434,0.5683086033354716,0.09367476782809248,0.3677158030594335,0.26520236768172545
SUPIR:ava_images___251530,SUPIR,ava_images___251530.png,/home/oleg/coding/py/QualiSR-Lab/dataset/sr/SUPIR/ava_images___251530.png,/home/oleg/coding/py/QualiSR-Lab/dataset/hr/ava_images___251530.png,/home/oleg/coding/py/QualiSR-Lab/dataset/lr/ava_images___251530.png,1.088950596967366,0.06428001909546277,-1.0777447779293061,-0.7153037092599682,0.6795977489346758,0.24398964337908358,0.9730105547524456,0.3930977246667604,0.8920465551771133,0.6311386259972629
SUPIR:ava_images___253900,SUPIR,ava_images___253900.png,/home/oleg/coding/py/QualiSR-Lab/dataset/sr/SUPIR/ava_images___253900.png,/home/oleg/coding/py/QualiSR-Lab/dataset/hr/ava_images___253900.png,/home/oleg/coding/py/QualiSR-Lab/dataset/lr/ava_images___253900.png,-0.7303666317171367,0.21645858958197486,0.045571839903813784,-0.6516003476058171,2.1439440893253257,0.7948113035416484,0.5026370931051921,0.5769038846263591,0.4925176938188639,0.1952429877980445
SUPIR:ava_images___273810,SUPIR,ava_images___273810.png,/home/oleg/coding/py/QualiSR-Lab/dataset/sr/SUPIR/ava_images___273810.png,/home/oleg/coding/py/QualiSR-Lab/dataset/hr/ava_images___273810.png,/home/oleg/coding/py/QualiSR-Lab/dataset/lr/ava_images___273810.png,0.6339190223180112,-2.025142586657607,0.18645431476942764,-0.661786464768388,0.852433334796224,0.7224521152615053,0.2807723624408558,0.02431596643145384,0.6454722959071678,0.17711067940704894
SUPIR:ava_images___295451,SUPIR,ava_images___295451.png,/home/oleg/coding/py/QualiSR-Lab/dataset/sr/SUPIR/ava_images___295451.png,/home/oleg/coding/py/QualiSR-Lab/dataset/hr/ava_images___295451.png,/home/oleg/coding/py/QualiSR-Lab/dataset/lr/ava_images___295451.png,-0.7925207384327007,-0.11473644146689901,0.5049872789804571,0.8657551941701215,-1.2002964070557762,0.9404585843529143,0.9539285770025874,0.9148643902204485,0.3701587002554444,0.015456616528867428
SUPIR:ava_images___308473,SUPIR,ava_images___308473.png,/home/oleg/coding/py/QualiSR-Lab/dataset/sr/SUPIR/ava_images___308473.png,/home/oleg/coding/py/QualiSR-Lab/dataset/hr/ava_images___308473.png,/home/oleg/coding/py/QualiSR-Lab/dataset/lr/ava_images___308473.png,-0.3345012358409484,-0.4749453111609562,-0.6533292325737119,1.7654542402810969,0.40498171096095553,0.9283185625877254,0.42818414831731433,0.9666548190436696,0.9636199770892528,0.8530094554673601
SUPIR:ava_images___321917,SUPIR,ava_images___321917.png,/home/oleg/coding/py/QualiSR-Lab/dataset/sr/SUPIR/ava_images___321917.png,/home/oleg/coding/py/QualiSR-Lab/dataset/hr/ava_images___321917.png,/home/oleg/coding/py/QualiSR-Lab/dataset/lr/ava_images___321917.png,-1.2608839543350452,0.9178619470547761,2.1221561970126332,1.0324652605511468,-1.5193699659540134,0.2944488920695857,0.38509772860192526,0.8511366715168569,0.31692200515627766,0.1694927466860925
SUPIR:ava_images___360165,SUPIR,ava_images___360165.png,/home/oleg/coding/py/QualiSR-Lab/dataset/sr/SUPIR/ava_images___360165.png,/home/oleg/coding/py/QualiSR-Lab/dataset/hr/ava_images___360165.png,/home/oleg/coding/py/QualiSR-Lab/dataset/lr/ava_images___360165.png,-0.48423407286625136,1.2669111491866227,-0.7076694656187807,0.44381942814622843,0.7746340534293368,0.5568012624583502,0.936154774160781,0.696029796674973,0.570061170089365,0.09717649377076854
SUPIR:ava_images___426629,SUPIR,ava_images___426629.png,/home/oleg/coding/py/QualiSR-Lab/dataset/sr/SUPIR/ava_images___426629.png,/home/oleg/coding/py/QualiSR-Lab/dataset/hr/ava_images___426629.png,/home/oleg/coding/py/QualiSR-Lab/dataset/lr/ava_images___426629.png,-0.926930471578083,-0.05952535606180008,-3.2412673400690726,-1.0243876413342898,-0.2525681513931603,0.6150072266991697,0.9900538501042633,0.14008401523652403,0.5183296523637367,0.8773730719279554
SUPIR:ava_images___436880,SUPIR,ava_images___436880.png,/home/oleg/coding/py/QualiSR-Lab/dataset/sr/SUPIR/ava_images___436880.png,/home/oleg/coding/py/QualiSR-Lab/dataset/hr/ava_images___436880.png,/home/oleg/coding/py/QualiSR-Lab/dataset/lr/ava_images___436880.png,-1.2477831819648495,1.6324113039316352,-1.4301413779606327,-0.44004448669698376,0.13074057728609134,0.7407686177542044,0.697015740995268,0.7024840839871093,0.35949115121975517,0.29359184426449336
SUPIR:ava_images___46021,SUPIR,ava_images___46021.png,/home/oleg/coding/py/QualiSR-Lab/dataset/sr/SUPIR/ava_images___46021.png,/home/oleg/coding/py/QualiSR-Lab/dataset/hr/ava_images___46021.png,/home/oleg/coding/py/QualiSR-Lab/dataset/lr/ava_images___46021.png,1.4412732890661155,-1.4358621511794394,1.1631637521549596,0.010233061019587049,-0.9815086510479509,0.8093611554785136,0.8101133946791808,0.8670723185801037,0.9132405525564713,0.5113423988609378
SUPIR:ava_images___472713,SUPIR,ava_images___472713.png,/home/oleg/coding/py/QualiSR-Lab/dataset/sr/SUPIR/ava_images___472713.png,/home/oleg/coding/py/QualiSR-Lab/dataset/hr/ava_images___472713.png,/home/oleg/coding/py/QualiSR-Lab/dataset/lr/ava_images___472713.png,0.46210347426327075,0.19905969557347003,-0.6002168771587947,0.06980208499001891,-0.3853135968617602,0.5015162946871996,0.7982951789667752,0.6499639307777652,0.7019668772577033,0.795792669436101
SUPIR:ava_images___501777,SUPIR,ava_images___501777.png,/home/oleg/coding/py/QualiSR-Lab/dataset/sr/SUPIR/ava_images___501777.png,/home/oleg/coding/py/QualiSR-Lab/dataset/hr/ava_images___501777.png,/home/oleg/coding/py/QualiSR-Lab/dataset/lr/ava_images___501777.png,0.11351734525124804,0.6621306745210467,1.586016816145352,-1.237815498826849,2.1330333746562666,0.8900053418175663,0.3379951568515358,0.375582952639944,0.093981939840869,0.578280140996174
SUPIR:ava_images___564572,SUPIR,ava_images___564572.png,/home/oleg/coding/py/QualiSR-Lab/dataset/sr/SUPIR/ava_images___564572.png,/home/oleg/coding/py/QualiSR-Lab/dataset/hr/ava_images___564572.png,/home/oleg/coding/py/QualiSR-Lab/dataset/lr/ava_images___564572.png,-1.9520877995225019,-0.15178509503558332,0.5883172064845765,0.28099186773503265,-0.6226995198205938,0.035942273796742086,0.46559801813246016,0.5426446347075766,0.2865412521282844,0.5908332605690108
SUPIR:ava_images___588008,SUPIR,ava_images___588008.png,/home/oleg/coding/py/QualiSR-Lab/dataset/sr/SUPIR/ava_images___588008.png,/home/oleg/coding/py/QualiSR-Lab/dataset/hr/ava_images___588008.png,/home/oleg/coding/py/QualiSR-Lab/dataset/lr/ava_images___588008.png,-0.20812225035727522,-0.4930009346588328,-0.5893647569442115,0.8496020970210246,0.35701548596504734,0.03050024993904943,0.03734818874921442,0.8226005606596583,0.3601906414112629,0.12706051265188478
SUPIR:ava_images___645845,SUPIR,ava_images___645845.png,/home/oleg/coding/py/QualiSR-Lab/dataset/sr/SUPIR/ava_images___645845.png,/home/oleg/coding/py/QualiSR-Lab/dataset/hr/ava_images___645845.png,/home/oleg/coding/py/QualiSR-Lab/dataset/lr/ava_images___645845.png,-0.6929095952606542,0.8995998754332507,0.30729952087660933,0.8128621188389601,0.6296288419236122,0.5222432600548044,0.7699935530986108,0.21582102749684318,0.6228904758190003,0.085347464993768
SUPIR:ava_images___699615,SUPIR,ava_images___699615.png,/home/oleg/coding/py/QualiSR-Lab/dataset/sr/SUPIR/ava_images___699615.png,/home/oleg/coding/py/QualiSR-Lab/dataset/hr/ava_images___699615.png,/home/oleg/coding/py/QualiSR-Lab/dataset/lr/ava_images___699615.png,-0.8289950109220723,-0.5601810401969696,0.7472936051232618,0.6103702654334648,-0.020901593964148132,0.0516817211686077,0.531354631568148,0.5406351216101065,0.6374299014982066,0.7260913337226615
SUPIR:ava_images___710191,SUPIR,ava_images___710191.png,/home/oleg/coding/py/QualiSR-Lab/dataset/sr/SUPIR/ava_images___710191.png,/home/oleg/coding/py/QualiSR-Lab/dataset/hr/ava_images___710191.png,/home/oleg/coding/py/QualiSR-Lab/dataset/lr/ava_images___710191.png,0.117327383308782,1.277664895788425,-0.5915713888358299,0.5470973811700379,-0.20219265243389406,0.9758520794625346,0.5163003483011953,0.32295647294124596,0.7951861947687037,0.2708322512620742
SUPIR:ava_images___737450,SUPIR,ava_images___737450.png,/home/oleg/coding/py/QualiSR-Lab/dataset/sr/SUPIR/ava_images___737450.png,/home/oleg/coding/py/QualiSR-Lab/dataset/hr/ava_images___737450.png,/home/oleg/coding/py/QualiSR-Lab/dataset/lr/ava_images___737450.png,-0.2176812032272203,1.09877685198719,0.8254163489880298,0.8135096360006385,1.305478807154329,0.4389714207056361,0.07845638134226596,0.02535074341545751,0.9626484146779251,0.8359801205122058
SUPIR:ava_images___74410,SUPIR,ava_images___74410.png,/home/oleg/coding/py/QualiSR-Lab/dataset/sr/SUPIR/ava_images___74410.png,/home/oleg/coding/py/QualiSR-Lab/dataset/hr/ava_images___74410.png,/home/oleg/coding/py/QualiSR-Lab/dataset/lr/ava_images___74410.png,0.02100384163275905,0.6819529712949639,-0.31026675659345604,0.3241663524884421,-0.13014305436768459,0.695974206093698,0.4089529444142699,0.17329432007084578,0.15643704267108605,0.25024289816459533
SUPIR:ava_images___751927,SUPIR,ava_images___751927.png,/home/oleg/coding/py/QualiSR-Lab/dataset/sr/SUPIR/ava_images___751927.png,/home/oleg/coding/py/QualiSR-Lab/dataset/hr/ava_images___751927.png,/home/oleg/coding/py/QualiSR-Lab/dataset/lr/ava_images___751927.png,0.09699596499271819,0.5951570254369136,-0.8182206832334725,2.0923872756854602,-1.006017381499702,0.5492266647061205,0.7145959227000623,0.6601973767177313,0.27993389694594284,0.9548652806631941
SUPIR:ava_images___773899,SUPIR,ava_images___773899.png,/home/oleg/coding/py/QualiSR-Lab/dataset/sr/SUPIR/ava_images___773899.png,/home/oleg/coding/py/QualiSR-Lab/dataset/hr/ava_images___773899.png,/home/oleg/coding/py/QualiSR-Lab/dataset/lr/ava_images___773899.png,-1.2141886127877322,1.1581108735000678,0.7916626939629359,0.6241198170521551,0.6283455092642799,0.7378969166957685,0.5543540525114007,0.6117207462343522,0.4196000624277899,0.24773098950115746
SUPIR:ava_images___827653,SUPIR,ava_images___827653.png,/home/oleg/coding/py/QualiSR-Lab/dataset/sr/SUPIR/ava_images___827653.png,/home/oleg/coding/py/QualiSR-Lab/dataset/hr/ava_images___827653.png,/home/oleg/coding/py/QualiSR-Lab/dataset/lr/ava_images___827653.png,-0.012246772846914623,-0.8972543714858315,0.07580455819372633,-0.6771617115121117,0.9751197334177512,0.3559726786512616,0.7578461104643691,0.014393488629755868,0.11607264050691624,0.04600264202175275
SUPIR:ava_images___842206,SUPIR,ava_images___842206.png,/home/oleg/coding/py/QualiSR-Lab/dataset/sr/SUPIR/ava_images___842206.png,/home/oleg/coding/py/QualiSR-Lab/dataset/hr/ava_images___842206.png,/home/oleg/coding/py/QualiSR-Lab/dataset/lr/ava_images___842206.png,-0.14705738150213865,-0.8254971967925115,-0.32138584165299344,0.41293145427562433,-0.5637245528039747,0.040728802318970136,0.8554605840110072,0.7036578593800237,0.4741738290873252,0.09783416065100148
SUPIR:ava_images___846773,SUPIR,ava_images___846773.png,/home/oleg/coding/py/QualiSR-Lab/dataset/sr/SUPIR/ava_images___846773.png,/home/oleg/coding/py/QualiSR-Lab/dataset/hr/ava_images___846773.png,/home/oleg/coding/py/QualiSR-Lab/dataset/lr/ava_images___846773.png,-0.8222203955664315,0.2436872114919123,0.24496657110872277,-0.5069431753711298,-0.4710383056183228,0.49161587511683236,0.4734717707805657,0.17320186991001518,0.43385164923797304,0.39850473439737344
SUPIR:ava_images___857447,SUPIR,ava_images___857447.png,/home/oleg/coding/py/QualiSR-Lab/dataset/sr/SUPIR/ava_images___857447.png,/home/oleg/coding/py/QualiSR-Lab/dataset/hr/ava_images___857447.png,/home/oleg/coding/py/QualiSR-Lab/dataset/lr/ava_images___857447.png,0.2320499373576363,-1.4480843414973241,-1.4074637743765552,-0.718444221252436,-0.21344715171184725,0.6158500980522165,0.6350936508676438,0.04530400977204452,0.3746126146264712,0.6258599157142364
SUPIR:ava_images___864250,SUPIR,ava_images___864250.png,/home/oleg/coding/py/QualiSR-Lab/dataset/sr/SUPIR/ava_images___864250.png,/home/oleg/coding/py/QualiSR-Lab/dataset/hr/ava_images___864250.png,/home/oleg/coding/py/QualiSR-Lab/dataset/lr/ava_images___864250.png,0.3109075655980046,1.475356216949552,0.8576596232020194,-0.1599385299634271,-0.01901620790268883,0.5031362585800877,0.8564898411883223,0.658693631618945,0.1629344270814297,0.07056874740042984
SUPIR:ava_images___865616,SUPIR,ava_images___865616.png,/home/oleg/coding/py/QualiSR-Lab/dataset/sr/SUPIR/ava_images___865616.png,/home/oleg/coding/py/QualiSR-Lab/dataset/hr/ava_images___865616.png,/home/oleg/coding/py/QualiSR-Lab/dataset/lr/ava_images___865616.png,-1.0025293646378088,-0.01851313599238993,-0.2886586389201383,0.3227185603380895,-0.827230943552323,0.6424192782063156,0.026511310541621813,0.5857755812734633,0.9402302414249576,0.575474177875879
SUPIR:ava_images___953752,SUPIR,ava_images___953752.png,/home/oleg/coding/py/QualiSR-Lab/dataset/sr/SUPIR/ava_images___953752.png,/home/oleg/coding/py/QualiSR-Lab/dataset/hr/ava_images___953752.png,/home/oleg/coding/py/QualiSR-Lab/dataset/lr/ava_images___953752.png,0.5193465142411723,1.5327389130025777,-0.1087601484568576,0.40171172209894146,0.6901439917111125,0.3881699262065219,0.6432882184423532,0.45825289049151663,0.5456167893159349,0.9414648087765252
SUPIR:blur_dataset___out_of_focus0685,SUPIR,blur_dataset___out_of_focus0685.png,/home/oleg/coding/py/QualiSR-Lab/dataset/sr/SUPIR/blur_dataset___out_of_focus0685.png,/home/oleg/coding/py/QualiSR-Lab/dataset/hr/blur_dataset___out_of_focus0685.png,/home/oleg/coding/py/QualiSR-Lab/dataset/lr/blur_dataset___out_of_focus0685.png,-0.40122047188583626,0.22409248181041677,0.01259240078179486,0.09767609854883172,-0.7730097838554665,0.38610263780077425,0.9611905638239142,0.9053506419560637,0.19579113478929644,0.06936130087516545
SUPIR:voc_emotic_ava___EMOTIC__COCO_train2014_000000244530,SUPIR,voc_emotic_ava___EMOTIC__COCO_train2014_000000244530.png,/home/oleg/coding/py/QualiSR-Lab/dataset/sr/SUPIR/voc_emotic_ava___EMOTIC__COCO_train2014_000000244530.png,/home/oleg/coding/py/QualiSR-Lab/dataset/hr/voc_emotic_ava___EMOTIC__COCO_train2014_000000244530.png,/home/oleg/coding/py/QualiSR-Lab/dataset/lr/voc_emotic_ava___EMOTIC__COCO_train2014_000000244530.png,0.024510174258942714,0.49799829124544975,1.4511436077950417,0.9592708260852069,2.1531824575115563,0.10077800137742665,0.018221825651549728,0.0944429607559284,0.6830067734163568,0.07118864846022899
SUPIR:voc_emotic_ava___EMOTIC__COCO_train2014_000000247190,SUPIR,voc_emotic_ava___EMOTIC__COCO_train2014_000000247190.png,/home/oleg/coding/py/QualiSR-Lab/dataset/sr/SUPIR/voc_emotic_ava___EMOTIC__COCO_train2014_000000247190.png,/home/oleg/coding/py/QualiSR-Lab/dataset/hr/voc_emotic_ava___EMOTIC__COCO_train2014_000000247190.png,/home/oleg/coding/py/QualiSR-Lab/dataset/lr/voc_emotic_ava___EMOTIC__COCO_train2014_000000247190.png,-0.7673475628880495,0.8723206367206782,0.18334200573835174,2.1898029332176723,-0.8082982853551515,0.3189756302937613,0.8448753109694546,0.023271935735825866,0.8144684825889358,0.28185477477339993
SUPIR:voc_emotic_ava___EMOTIC__COCO_val2014_000000020598,SUPIR,voc_emotic_ava___EMOTIC__COCO_val2014_000000020598.png,/home/oleg/coding/py/QualiSR-Lab/dataset/sr/SUPIR/voc_emotic_ava___EMOTIC__COCO_val2014_000000020598.png,/home/oleg/coding/py/QualiSR-Lab/dataset/hr/voc_emotic_ava___EMOTIC__COCO_val2014_000000020598.png,/home/oleg/coding/py/QualiSR-Lab/dataset/lr/voc_emotic_ava___EMOTIC__COCO_val2014_000000020598.png,-0.8397218421807761,-0.5993926454440222,-2.123895724309807,-0.525755021680761,-0.759132661553698,0.11816482762165625,0.6967371653641506,0.628942846779884,0.877472013527053,0.7350710438038858
SUPIR:voc_emotic_ava___JPEGImages__2008_003883,SUPIR,voc_emotic_ava___JPEGImages__2008_003883.png,/home/oleg/coding/py/QualiSR-Lab/dataset/sr/SUPIR/voc_emotic_ava___JPEGImages__2008_003883.png,/home/oleg/coding/py/QualiSR-Lab/dataset/hr/voc_emotic_ava___JPEGImages__2008_003883.png,/home/oleg/coding/py/QualiSR-Lab/dataset/lr/voc_emotic_ava___JPEGImages__2008_003883.png,0.15039378647620763,0.34175597577715944,1.8761708392158862,0.9504238381860503,-0.5769036556624031,0.8034809303848486,0.2820345725713065,0.17743954377972282,0.7506147516408583,0.806834739267264
SUPIR:voc_emotic_ava___VOC2012__2010_004399,SUPIR,voc_emotic_ava___VOC2012__2010_004399.png,/home/oleg/coding/py/QualiSR-Lab/dataset/sr/SUPIR/voc_emotic_ava___VOC2012__2010_004399.png,/home/oleg/coding/py/QualiSR-Lab/dataset/hr/voc_emotic_ava___VOC2012__2010_004399.png,/home/oleg/coding/py/QualiSR-Lab/dataset/lr/voc_emotic_ava___VOC2012__2010_004399.png,-0.898414671348358,0.4919191715065057,-1.3202332070206422,1.8314587658543537,1.179440120721287,0.9905051420006733,0.4126176769114265,0.37201808579278317,0.7764129607419968,0.34080354025301784
SUPIR:voc_emotic_ava___VOC2012__2012_004043,SUPIR,voc_emotic_ava___VOC2012__2012_004043.png,/home/oleg/coding/py/QualiSR-Lab/dataset/sr/SUPIR/voc_emotic_ava___VOC2012__2012_004043.png,/home/oleg/coding/py/QualiSR-Lab/dataset/hr/voc_emotic_ava___VOC2012__2012_004043.png,/home/oleg/coding/py/QualiSR-Lab/dataset/lr/voc_emotic_ava___VOC2012__2012_004043.png,-0.4691756521047048,-1.7131345290908775,1.3538723741654128,-0.11453984525261789,1.2378163119734618,0.9307573256035647,0.8584127518430118,0.42899402737501835,0.7508710677914974,0.7545428740846823
RealESRGAN:1024x768___4962875195,RealESRGAN,1024x768___4962875195.png,/home/oleg/coding/py/QualiSR-Lab/dataset/sr/RealESRGAN/1024x768___4962875195.png,/home/oleg/coding/py/QualiSR-Lab/dataset/hr/1024x768___4962875195.png,/home/oleg/coding/py/QualiSR-Lab/dataset/lr/1024x768___4962875195.png,-1.594427658794367,-0.5993750229537729,0.005243699718183166,0.046980593764742055,-0.45006547147924364,0.10312386883593261,0.9025529066795667,0.5052523724478571,0.8264574661077416,0.32004960103061175
RealESRGAN:ava_images___101816,RealESRGAN,ava_images___101816.png,/home/oleg/coding/py/QualiSR-Lab/dataset/sr/RealESRGAN/ava_images___101816.png,/home/oleg/coding/py/QualiSR-Lab/dataset/hr/ava_images___101816.png,/home/oleg/coding/py/QualiSR-Lab/dataset/lr/ava_images___101816.png,0.6228499323474987,-1.0676204293825944,-0.1423794850212935,0.12029563171189886,0.514438834058749,0.8955232284962005,0.3892016787341631,0.01083765148029836,0.9053819764192637,0.09128667678613356
RealESRGAN:ava_images___158174,RealESRGAN,ava_images___158174.png,/home/oleg/coding/py/QualiSR-Lab/dataset/sr/RealESRGAN/ava_images___158174.png,/home/oleg/coding/py/QualiSR-Lab/dataset/hr/ava_images___158174.png,/home/oleg/coding/py/QualiSR-Lab/dataset/lr/ava_images___158174.png,0.7116148780888898,-1.1246420918378692,-1.5341141707356223,1.277676821898509,0.33231401197959165,0.31931363759041487,0.9500619670508049,0.9506071469375561,0.5734378881232861,0.6318372121697993
RealESRGAN:ava_images___18037,RealESRGAN,ava_images___18037.png,/home/oleg/coding/py/QualiSR-Lab/dataset/sr/RealESRGAN/ava_images___18037.png,/home/oleg/coding/py/QualiSR-Lab/dataset/hr/ava_images___18037.png,/home/oleg/coding/py/QualiSR-Lab/dataset/lr/ava_images___18037.png,-0.7484865365565536,1.551151975522523,0.11567463429285867,1.1792971840638264,0.06751848141010895,0.44844552197831977,0.29321077169806453,0.32866454536991596,0.6725184560770384,0.75237452943768
RealESRGAN:ava_images___217590,RealESRGAN,ava_images___217590.png,/home/oleg/coding/py/QualiSR-Lab/dataset/sr/RealESRGAN/ava_images___217590.png,/home/oleg/coding/py/QualiSR-Lab/dataset/hr/ava_images___217590.png,/home/oleg/coding/py/QualiSR-Lab/dataset/lr/ava_images___217590.png,2.060747924881987,1.7553408424432044,-0.2489641484790735,0.9715709509543554,0.6453759495851475,0.7915790437258485,0.7896181427945539,0.09120610304869037,0.49442030470258147,0.057558760016644284
RealESRGAN:ava_images___251530,RealESRGAN,ava_images___251530.png,/home/oleg/coding/py/QualiSR-Lab/dataset/sr/RealESRGAN/ava_images___251530.png,/home/oleg/coding/py/QualiSR-Lab/dataset/hr/ava_images___251530.png,/home/oleg/coding/py/QualiSR-Lab/dataset/lr/ava_images___251530.png,1.3686315575323487,-0.9649234605801045,0.6860514599984393,1.0584244868495878,-1.7587394864231143,0.5495288823237355,0.441530501373377,0.8877041827582998,0.3509150125520787,0.11706701642760586
RealESRGAN:ava_images___253900,RealESRGAN,ava_images___253900.png,/home/oleg/coding/py/QualiSR-Lab/dataset/sr/RealESRGAN/ava_images___253900.png,/home/oleg/coding/py/QualiSR-Lab/dataset/hr/ava_images___253900.png,/home/oleg/coding/py/QualiSR-Lab/dataset/lr/ava_images___253900.png,-1.183258512665775,-2.0392321777601006,-0.26940683444455776,0.7175422557959623,1.502357052096028,0.14299168205283586,0.7615106317174722,0.6182180633162611,0.10112267612279024,0.08410680611499743
RealESRGAN:ava_images___273810,RealESRGAN,ava_images___273810.png,/home/oleg/coding/py/QualiSR-Lab/dataset/sr/RealESRGAN/ava_images___273810.png,/home/oleg/coding/py/QualiSR-Lab/dataset/hr/ava_images___273810.png,/home/oleg/coding/py/QualiSR-Lab/dataset/lr/ava_images___273810.png,0.07409478041977519,1.6286155455712918,-1.3801014582148914,-1.7033824393551547,-0.05554769889661878,0.70096913145912,0.07276300636419353,0.8218600592903562,0.7062422271564962,0.08134878064189976
RealESRGAN:ava_images___295451,RealESRGAN,ava_images___295451.png,/home/oleg/coding/py/QualiSR-Lab/dataset/sr/RealESRGAN/ava_images___295451.png,/home/oleg/coding/py/QualiSR-Lab/dataset/hr/ava_images___295451.png,/home/oleg/coding/py/QualiSR-Lab/dataset/lr/ava_images___295451.png,0.3840654489393073,-0.03269474809409311,-2.0674421000398766,-0.08912003951278841,-1.3044695005048532,0.08483771408519192,0.9866395785011755,0.3742707957561203,0.3706421470668909,0.8127995672575026
RealESRGAN:ava_images___308473,RealESRGAN,ava_images___308473.png,/home/oleg/coding/py/QualiSR-Lab/dataset/sr/RealESRGAN/ava_images___308473.png,/home/oleg/coding/py/QualiSR-Lab/dataset/hr/ava_images___308473.png,/home/oleg/coding/py/QualiSR-Lab/dataset/lr/ava_images___308473.png,0.6696725488300385,0.36659824609684827,-0.9398797863273552,-0.5138669173366935,-1.0592135218889516,0.9472485773838587,0.9860010638228709,0.7533781852589416,0.37625958553091576,0.08350071669866876
RealESRGAN:ava_images___321917,RealESRGAN,ava_images___321917.png,/home/oleg/coding/py/QualiSR-Lab/dataset/sr/RealESRGAN/ava_images___321917.png,/home/oleg/coding/py/QualiSR-Lab/dataset/hr/ava_images___321917.png,/home/oleg/coding/py/QualiSR-Lab/dataset/lr/ava_images___321917.png,-0.06267909727317188,0.9551423205012383,-0.9857260463355437,0.5040465155178444,-0.5302576183724408,0.7771469159274368,0.558404249735805,0.4242220092469763,0.906354385094736,0.11119748230615134
RealESRGAN:ava_images___360165,RealESRGAN,ava_images___360165.png,/home/oleg/coding/py/QualiSR-Lab/dataset/sr/RealESRGAN/ava_images___360165.png,/home/oleg/coding/py/QualiSR-Lab/dataset/hr/ava_images___360165.png,/home/oleg/coding/py/QualiSR-Lab/dataset/lr/ava_images___360165.png,-0.7928728322623442,-0.10703035995455783,-1.035242322419374,-0.553649305347182,-1.1978778925888485,0.49262510429085915,0.011353644767419069,0.46866064199412627,0.05630327568183735,0.11881791626807192
RealESRGAN:ava_images___426629,RealESRGAN,ava_images___426629.png,/home/oleg/coding/py/QualiSR-Lab/dataset/sr/RealESRGAN/ava_images___426629.png,/home/oleg/coding/py/QualiSR-Lab/dataset/hr/ava_images___426629.png,/home/oleg/coding/py/QualiSR-Lab/dataset/lr/ava_images___426629.png,1.9647251329163893,0.03526355197172861,-0.6997255079925856,0.213979910734222,-0.11232804969082982,0.11752624677710488,0.6492103021160636,0.7460448792654233,0.5833687650971596,0.9621725484745419
RealESRGAN:ava_images___436880,RealESRGAN,ava_images___436880.png,/home/oleg/coding/py/QualiSR-Lab/dataset/sr/RealESRGAN/ava_images___436880.png,/home/oleg/coding/py/QualiSR-Lab/dataset/hr/ava_images___436880.png,/home/oleg/coding/py/QualiSR-Lab/dataset/lr/ava_images___436880.png,-0.22096959953322298,0.6141667000434252,0.7575077100473051,-0.5305011476105275,-0.57581824064468,0.37487057952370406,0.28571208628186073,0.8685991281894603,0.22359583851945264,0.9632225394406113
RealESRGAN:ava_images___46021,RealESRGAN,ava_images___46021.png,/home/oleg/coding/py/QualiSR-Lab/dataset/sr/RealESRGAN/ava_images___46021.png,/home/oleg/coding/py/QualiSR-Lab/dataset/hr/ava_images___46021.png,/home/oleg/coding/py/QualiSR-Lab/dataset/lr/ava_images___46021.png,-0.275051697151644,-2.301921164735585,-1.5151910621985523,1.3668742674445247,1.6449677135012837,0.012154474689816341,0.969878826707639,0.04315991195057611,0.8911431136980711,0.5277011090862999
RealESRGAN:ava_images___472713,RealESRGAN,ava_images___472713.png,/home/oleg/coding/py/QualiSR-Lab/dataset/sr/RealESRGAN/ava_images___472713.png,/home/oleg/coding/py/QualiSR-Lab/dataset/hr/ava_images___472713.png,/home/oleg/coding/py/QualiSR-Lab/dataset/lr/ava_images___472713.png,-0.24903603955637832,0.5765569630557664,0.3112501545435361,3.0788808084552377,1.1195749114345768,0.9929647961193003,0.07379656473539886,0.5538542844013208,0.969302535619099,0.5230978441701488
RealESRGAN:ava_images___501777,RealESRGAN,ava_images___501777.png,/home/oleg/coding/py/QualiSR-Lab/dataset/sr/RealESRGAN/ava_images___501777.png,/home/oleg/coding/py/QualiSR-Lab/dataset/hr/ava_images___501777.png,/home/oleg/coding/py/QualiSR-Lab/dataset/lr/ava_images___501777.png,-0.12791759148076653,-0.9555404406004258,-1.6064463202575725,0.2034636358672231,-0.7563507452843033,0.6293986381352625,0.6957486889846172,0.45454106476777323,0.6275580800840634,0.5843143119231002
RealESRGAN:ava_images___564572,RealESRGAN,ava_images___564572.png,/home/oleg/coding/py/QualiSR-Lab/dataset/sr/RealESRGAN/ava_images___564572.png,/home/oleg/coding/py/QualiSR-Lab/dataset/hr/ava_images___564572.png,/home/oleg/coding/py/QualiSR-Lab/dataset/lr/ava_images___564572.png,-1.4222537095976742,-0.6465728842425266,-1.081548003614395,1.6871416350725648,0.8816397569494505,0.901158010490989,0.04544638034145787,0.2809631895922303,0.9504114840765587,0.8902637838909163
RealESRGAN:ava_images___588008,RealESRGAN,ava_images___588008.png,/home/oleg/coding/py/QualiSR-Lab/dataset/sr/RealESRGAN/ava_images___588008.png,/home/oleg/coding/py/QualiSR-Lab/dataset/hr/ava_images___588008.png,/home/oleg/coding/py/QualiSR-Lab/dataset/lr/ava_images___588008.png,-0.007972641316617372,1.4799441388900259,0.0773683076476183,-0.8612842013282637,1.5231240772696573,0.45565675278571294,0.6201325978015367,0.2773811829811327,0.1881211597237613,0.46369840493998216
RealESRGAN:ava_images___645845,RealESRGAN,ava_images___645845.png,/home/oleg/coding/py/QualiSR-Lab/dataset/sr/RealESRGAN/ava_images___645845.png,/home/oleg/coding/py/QualiSR-Lab/dataset/hr/ava_images___645845.png,/home/oleg/coding/py/QualiSR-Lab/dataset/lr/ava_images___645845.png,0.5389100436846587,-1.0372461543264564,-0.1903386780836082,-0.8756182533847572,-1.382799730964336,0.3533522280260528,0.5836561118508721,0.07773463696498484,0.9743948076661665,0.9862107444796029
RealESRGAN:ava_images___699615,RealESRGAN,ava_images___699615.png,/home/oleg/coding/py/QualiSR-Lab/dataset/sr/RealESRGAN/ava_images___699615.png,/home/oleg/coding/py/QualiSR-Lab/dataset/hr/ava_images___699615.png,/home/oleg/coding/py/QualiSR-Lab/dataset/lr/ava_images___699615.png,0.9261775475316414,1.9094166404701305,-1.3985675738191412,0.5629692366905709,-0.6506425691218269,0.6981617140197451,0.5360963663441204,0.30952761628632774,0.8137950197069487,0.6847311725538793
RealESRGAN:ava_images___710191,RealESRGAN,ava_images___710191.png,/home/oleg/coding/py/QualiSR-Lab/dataset/sr/RealESRGAN/ava_images___710191.png,/home/oleg/coding/py/QualiSR-Lab/dataset/hr/ava_images___710191.png,/home/oleg/coding/py/QualiSR-Lab/dataset/lr/ava_images___710191.png,-0.48712538376469605,-0.5923939242388692,-0.863990769679816,0.04852162794482699,-0.8309501164110378,0.1626169393448913,0.9109271844938425,0.822537242923169,0.949799913291924,0.72571950838836
RealESRGAN:ava_images___737450,RealESRGAN,ava_images___737450.png,/home/oleg/coding/py/QualiSR-Lab/dataset/sr/RealESRGAN/ava_images___737450.png,/home/oleg/coding/py/QualiSR-Lab/dataset/hr/ava_images___737450.png,/home/oleg/coding/py/QualiSR-Lab/dataset/lr/ava_images___737450.png,0.2704568257798388,-0.05023810944913695,-0.23894804686640975,-0.9075636620415979,-0.5767713305683327,0.6134151959357899,0.4182430362906189,0.9327284833540133,0.8660638895004084,0.04521867010618941
RealESRGAN:ava_images___74410,RealESRGAN,ava_images___74410.png,/home/oleg/coding/py/QualiSR-Lab/dataset/sr/RealESRGAN/ava_images___74410.png,/home/oleg/coding/py/QualiSR-Lab/dataset/hr/ava_images___74410.png,/home/oleg/coding/py/QualiSR-Lab/dataset/lr/ava_images___74410.png,0.755391225825756,0.5009171876243808,-0.977555244798551,0.09933230542922587,0.751387123371789,0.026366974497252005,0.3764633668780496,0.8105533307818329,0.9872761293149445,0.15041689110352818
RealESRGAN:ava_images___751927,RealESRGAN,ava_images___751927.png,/home/oleg/coding/py/QualiSR-Lab/dataset/sr/RealESRGAN/ava_images___751927.png,/home/oleg/coding/py/QualiSR-Lab/dataset/hr/ava_images___751927.png,/home/oleg/coding/py/QualiSR-Lab/dataset/lr/ava_images___751927.png,-1.6694052811213718,0.543360192379935,-0.6626237589458467,0.5705986685931593,-0.7632591565425169,0.5941307153521351,0.3808908566310215,0.9699143978146032,0.8421189231357087,0.8383287047111379
RealESRGAN:ava_images___773899,RealESRGAN,ava_images___773899.png,/home/oleg/coding/py/QualiSR-Lab/dataset/sr/RealESRGAN/ava_images___773899.png,/home/oleg/coding/py/QualiSR-Lab/dataset/hr/ava_images___773899.png,/home/oleg/coding/py/QualiSR-Lab/dataset/lr/ava_images___773899.png,-1.804882100664519,-1.6275424378831627,0.048084946661381994,0.25972250172148187,-0.9043166251044086,0.4686931597949703,0.4148195023376652,0.27340707193070624,0.056375496650927115,0.8647223762550532
RealESRGAN:ava_images___827653,RealESRGAN,ava_images___827653.png,/home/oleg/coding/py/QualiSR-Lab/dataset/sr/RealESRGAN/ava_images___827653.png,/home/oleg/coding/py/QualiSR-Lab/dataset/hr/ava_images___827653.png,/home/oleg/coding/py/QualiSR-Lab/dataset/lr/ava_images___827653.png,0.6385924587773739,-1.6615200622689599,-0.06607979864731657,-1.2110161997624567,-0.6518361078021592,0.8129010091300776,0.9997176732861306,0.9966368370739054,0.5554317056026274,0.7689874151805105
RealESRGAN:ava_images___842206,RealESRGAN,ava_images___842206.png,/home/oleg/coding/py/QualiSR-Lab/dataset/sr/RealESRGAN/ava_images___842206.png,/home/oleg/coding/py/QualiSR-Lab/dataset/hr/ava_images___842206.png,/home/oleg/coding/py/QualiSR-Lab/dataset/lr/ava_images___842206.png,0.047398671316414016,-0.8604133652839524,-0.38455554422982535,1.0062928092144405,-0.5768918695231487,0.944765729882428,0.8496473906774115,0.24734810174319766,0.4505441353100935,0.12915941515149498
RealESRGAN:ava_images___846773,RealESRGAN,ava_images___846773.png,/home/oleg/coding/py/QualiSR-Lab/dataset/sr/RealESRGAN/ava_images___846773.png,/home/oleg/coding/py/QualiSR-Lab/dataset/hr/ava_images___846773.png,/home/oleg/coding/py/QualiSR-Lab/dataset/lr/ava_images___846773.png,0.8356921120651418,-1.129706854657618,0.5298041779152828,1.4415686206579004,-2.4716445001272893,0.9540510272587224,0.60617463445088,0.22864280550346272,0.6717006844058567,0.6181282404578958
RealESRGAN:ava_images___857447,RealESRGAN,ava_images___857447.png,/home/oleg/coding/py/QualiSR-Lab/dataset/sr/RealESRGAN/ava_images___857447.png,/home/oleg/coding/py/QualiSR-Lab/dataset/hr/ava_images___857447.png,/home/oleg/coding/py/QualiSR-Lab/dataset/lr/ava_images___857447.png,-0.7968952554704768,0.57707212718054,-0.2030453860429927,0.37114587337130883,-0.6039851867158206,0.3581627180328405,0.11355759219962902,0.6715731955927996,0.5203077009037933,0.7723183917356393
RealESRGAN:ava_images___864250,RealESRGAN,ava_images___864250.png,/home/oleg/coding/py/QualiSR-Lab/dataset/sr/RealESRGAN/ava_images___864250.png,/home/oleg/coding/py/QualiSR-Lab/dataset/hr/ava_images___864250.png,/home/oleg/coding/py/QualiSR-Lab/dataset/lr/ava_images___864250.png,0.08658978747289992,-0.15567723539207948,1.1677820616598074,0.2544208433012131,0.3376026620752022,0.5201635011119934,0.8521815003185401,0.5519068387744855,0.5609379715353863,0.876653602658345
RealESRGAN:ava_images___865616,RealESRGAN,ava_images___865616.png,/home/oleg/coding/py/QualiSR-Lab/dataset/sr/RealESRGAN/ava_images___865616.png,/home/oleg/coding/py/QualiSR-Lab/dataset/hr/ava_images___865616.png,/home/oleg/coding/py/QualiSR-Lab/dataset/lr/ava_images___865616.png,-0.4118769661224674,-0.48760622407249354,-0.4325581878196209,0.39445214237829684,-0.42098448082026296,0.40348286621239704,0.13401522845064073,0.028782676313338973,0.755137255673619,0.6203095513534647
RealESRGAN:ava_images___953752,RealESRGAN,ava_images___953752.png,/home/oleg/coding/py/QualiSR-Lab/dataset/sr/RealESRGAN/ava_images___953752.png,/home/oleg/coding/py/QualiSR-Lab/dataset/hr/ava_images___953752.png,/home/oleg/coding/py/QualiSR-Lab/dataset/lr/ava_images___953752.png,0.2897748568964129,2.075400798645439,0.8711247034316923,-0.32602353216784113,1.2012139221639448,0.7040797680992236,0.21296416150891073,0.13637147558676976,0.014544665667881929,0.350587558806597
RealESRGAN:blur_dataset___out_of_focus0685,RealESRGAN,blur_dataset___out_of_focus0685.png,/home/oleg/coding/py/QualiSR-Lab/dataset/sr/RealESRGAN/blur_dataset___out_of_focus0685.png,/home/oleg/coding/py/QualiSR-Lab/dataset/hr/blur_dataset___out_of_focus0685.png,/home/oleg/coding/py/QualiSR-Lab/dataset/lr/blur_dataset___out_of_focus0685.png,-0.4080753730215514,-2.038124535177854,-1.008086310917404,-1.8707919210258557,-0.35151348404130867,0.5899176868546331,0.3922440450997323,0.43747492202372906,0.9041586944937484,0.34825546702330035
RealESRGAN:voc_emotic_ava___EMOTIC__COCO_train2014_000000244530,RealESRGAN,voc_emotic_ava___EMOTIC__COCO_train2014_000000244530.png,/home/oleg/coding/py/QualiSR-Lab/dataset/sr/RealESRGAN/voc_emotic_ava___EMOTIC__COCO_train2014_000000244530.png,/home/oleg/coding/py/QualiSR-Lab/dataset/hr/voc_emotic_ava___EMOTIC__COCO_train2014_000000244530.png,/home/oleg/coding/py/QualiSR-Lab/dataset/lr/voc_emotic_ava___EMOTIC__COCO_train2014_000000244530.png,0.0184183791895517,1.6764373122752827,0.32692737376416264,-0.21910052880886424,0.8294055811834892,0.5139894891598108,0.7836530127411431,0.39654278232127016,0.6220867002278735,0.8623637087467452
RealESRGAN:voc_emotic_ava___EMOTIC__COCO_train2014_000000247190,RealESRGAN,voc_emotic_ava___EMOTIC__COCO_train2014_000000247190.png,/home/oleg/coding/py/QualiSR-Lab/dataset/sr/RealESRGAN/voc_emotic_ava___EMOTIC__COCO_train2014_000000247190.png,/home/oleg/coding/py/QualiSR-Lab/dataset/hr/voc_emotic_ava___EMOTIC__COCO_train2014_000000247190.png,/home/oleg/coding/py/QualiSR-Lab/dataset/lr/voc_emotic_ava___EMOTIC__COCO_train2014_000000247190.png,-2.211135309007885,0.23561455810856594,0.7708651938869668,-1.4785862457798415,1.143754043206929,0.9495206236576421,0.14707348092903794,0.9265876251614944,0.4921162930795382,0.25824438829895835
RealESRGAN:voc_emotic_ava___EMOTIC__COCO_val2014_000000020598,RealESRGAN,voc_emotic_ava___EMOTIC__COCO_val2014_000000020598.png,/home/oleg/coding/py/QualiSR-Lab/dataset/sr/RealESRGAN/voc_emotic_ava___EMOTIC__COCO_val2014_000000020598.png,/home/oleg/coding/py/QualiSR-Lab/dataset/hr/voc_emotic_ava___EMOTIC__COCO_val2014_000000020598.png,/home/oleg/coding/py/QualiSR-Lab/dataset/lr/voc_emotic_ava___EMOTIC__COCO_val2014_000000020598.png,0.3384964074944141,-0.4152879139008013,0.6327818661062848,2.270692857804396,0.18186625505849516,0.4591357562382613,0.980032575285477,0.4926180939928696,0.3287516102875082,0.6334008543167258
RealESRGAN:voc_emotic_ava___JPEGImages__2008_003883,RealESRGAN,voc_emotic_ava___JPEGImages__2008_003883.png,/home/oleg/coding/py/QualiSR-Lab/dataset/sr/RealESRGAN/voc_emotic_ava___JPEGImages__2008_003883.png,/home/oleg/coding/py/QualiSR-Lab/dataset/hr/voc_emotic_ava___JPEGImages__2008_003883.png,/home/oleg/coding/py/QualiSR-Lab/dataset/lr/voc_emotic_ava___JPEGImages__2008_003883.png,0.24822058630033608,-0.4593608995402441,-0.8498443694647918,0.8303358165442456,-0.8560838259088672,0.24014561877819307,0.07586332810866392,0.12887972191064923,0.12804583895777244,0.15190269351229435
RealESRGAN:voc_emotic_ava___VOC2012__2010_004399,RealESRGAN,voc_emotic_ava___VOC2012__2010_004399.png,/home/oleg/coding/py/QualiSR-Lab/dataset/sr/RealESRGAN/voc_emotic_ava___VOC2012__2010_004399.png,/home/oleg/coding/py/QualiSR-Lab/dataset/hr/voc_emotic_ava___VOC2012__2010_004399.png,/home/oleg/coding/py/QualiSR-Lab/dataset/lr/voc_emotic_ava___VOC2012__2010_004399.png,0.07156623721939247,-0.4776574467651167,0.47897982574639186,0.3336621052869483,1.0375399442578992,0.13882717264941014,0.6408747448032146,0.18188008439914483,0.3456672833238632,0.8967884099060118
RealESRGAN:voc_emotic_ava___VOC2012__2012_004043,RealESRGAN,voc_emotic_ava___VOC2012__2012_004043.png,/home/oleg/coding/py/QualiSR-Lab/dataset/sr/RealESRGAN/voc_emotic_ava___VOC2012__2012_004043.png,/home/oleg/coding/py/QualiSR-Lab/dataset/hr/voc_emotic_ava___VOC2012__2012_004043.png,/home/oleg/coding/py/QualiSR-Lab/dataset/lr/voc_emotic_ava___VOC2012__2012_004043.png,-0.510016398854747,-0.26987493529337125,-0.9787637157823074,-0.4442932600761116,0.3773004930448522,0.47396164026287235,0.6675577385210272,0.17231987120162984,0.19228901880867078,0.04086861626647886
